id,name,start_date,day_end,price,min_price,max_price,contracts_quantity
2,21057-1602,1996-02-05,17-Апр-96,91.11,91.05,91.11,23
3,22020-1602,1996-02-05,10-Июл-96,79.11,79.03,79.11,209
4,22020-1503,1996-02-05,10-Июл-96,83.0,83.0,83.0,10
5,22020-1904,1996-02-05,10-Июл-96,88.0,88.0,88.0,48
6,21057-1602,1996-02-06,17-Апр-96,91.27,91.19,91.27,165
7,22020-1602,1996-02-06,10-Июл-96,79.4,79.4,79.41,93
8,22020-1503,1996-02-06,10-Июл-96,83.0,83.0,83.0,0
9,22020-1904,1996-02-06,10-Июл-96,89.9,89.9,89.9,1
10,21057-1602,1996-02-07,17-Апр-96,91.16,91.16,91.2,135
11,22020-1602,1996-02-07,10-Июл-96,79.27,79.25,79.3,229
12,22020-1503,1996-02-07,10-Июл-96,83.0,83.0,83.0,0
13,22020-1904,1996-02-07,10-Июл-96,89.8,87.9,87.9,200
14,21057-1602,1996-02-08,17-Апр-96,91.68,91.55,91.55,42
15,22020-1602,1996-02-08,10-Июл-96,79.85,79.85,79.88,177
16,22020-1503,1996-02-08,10-Июл-96,83.5,83.5,83.5,210
17,22020-1904,1996-02-08,10-Июл-96,90.3,89.8,89.8,320
18,21057-1602,1996-02-09,17-Апр-96,91.63,91.63,91.63,10
19,22020-1602,1996-02-09,10-Июл-96,79.81,79.81,79.81,132
20,22020-1503,1996-02-09,10-Июл-96,83.2,83.2,83.2,12
21,22020-1904,1996-02-09,10-Июл-96,90.3,90.3,90.3,17
22,21057-1602,1996-02-12,17-Апр-96,91.53,91.53,91.53,16
23,22020-1602,1996-02-12,10-Июл-96,79.85,79.8,79.8,10
24,22020-1503,1996-02-12,10-Июл-96,83.2,83.2,83.2,0
25,22020-1904,1996-02-12,10-Июл-96,90.3,90.3,90.3,0
26,21057-1602,1996-02-13,17-Апр-96,91.51,91.5,91.51,47
27,22020-1602,1996-02-13,10-Июл-96,79.95,79.94,79.94,198
28,22020-1503,1996-02-13,10-Июл-96,83.2,83.2,83.2,0
29,22020-1904,1996-02-13,10-Июл-96,89.0,89.0,89.0,10
30,21057-1602,1996-02-14,17-Апр-96,91.61,91.59,91.65,148
31,22020-1602,1996-02-14,10-Июл-96,80.21,80.2,80.2,36
32,22020-1503,1996-02-14,10-Июл-96,83.2,83.2,83.2,0
33,22020-1904,1996-02-14,10-Июл-96,89.0,89.0,89.0,0
34,21057-1602,1996-02-15,17-Апр-96,91.41,91.4,91.42,57
35,22020-1602,1996-02-15,10-Июл-96,79.56,79.56,79.56,110
36,21058-1503,1996-02-16,30-Апр-96,92.7,92.7,92.7,58
37,21058-1503,1996-02-19,30-Апр-96,92.7,0.0,0.0,0
38,21058-1503,1996-02-20,30-Апр-96,94.7,0.0,9.47,100
39,22020-1503,1996-02-20,10-Июл-96,83.2,0.0,8.32,26
40,21058-1503,1996-02-21,30-Апр-96,93.9,0.0,0.0,120
41,22020-1503,1996-02-21,10-Июл-96,83.2,0.0,0.0,0
42,22020-1904,1996-02-21,10-Июл-96,90.5,90.5,91.0,26
43,21058-1503,1996-02-23,30-Апр-96,94.95,94.95,94.95,6
44,22020-1904,1996-02-23,10-Июл-96,89.0,89.0,89.0,2
45,21058-1503,1996-02-26,30-Апр-96,94.98,94.7,94.95,411
46,21058-2903,1996-02-26,30-Апр-96,96.95,96.95,96.95,3
47,22020-1904,1996-02-26,10-Июл-96,89.91,89.91,89.91,2
48,21058-1503,1996-02-27,30-Апр-96,94.8,94.8,94.8,160
49,21058-2903,1996-02-27,30-Апр-96,96.95,96.95,96.95,30
50,22021-2903,1996-02-27,14-Авг-96,82.0,82.0,82.0,15
51,21058-1503,1996-02-28,30-Апр-96,94.96,94.92,94.97,179
52,22020-1503,1996-02-28,10-Июл-96,83.2,0.0,0.0,0
53,21058-2903,1996-02-28,30-Апр-96,96.96,96.96,96.96,3
54,22021-2903,1996-02-28,14-Авг-96,82.0,0.0,0.0,0
55,22020-1904,1996-02-28,10-Июл-96,90.41,90.41,90.41,272
56,21058-1503,1996-02-29,30-Апр-96,94.25,94.1,94.4,661
57,22020-1503,1996-02-29,10-Июл-96,83.1,83.1,83.1,12
58,21058-2903,1996-02-29,30-Апр-96,96.21,96.21,96.21,2
59,22021-2903,1996-02-29,14-Авг-96,81.8,81.8,81.8,208
60,22020-1904,1996-02-29,10-Июл-96,90.41,90.41,90.41,0
61,21058-1503,1996-03-01,30-Апр-96,94.11,94.11,94.11,5
62,22020-1503,1996-03-01,10-Июл-96,83.5,83.5,83.5,10
63,21058-2903,1996-03-01,30-Апр-96,96.24,96.24,96.24,5
64,22021-2903,1996-03-01,14-Авг-96,81.0,79.8,82.8,330
65,22020-1904,1996-03-01,10-Июл-96,90.43,89.51,92.41,56
66,21058-1503,1996-03-04,30-Апр-96,94.05,0.0,0.0,183
67,22020-1503,1996-03-04,10-Июл-96,83.5,83.5,83.5,0
68,21058-2903,1996-03-04,30-Апр-96,96.51,94.24,98.24,776
69,22021-2903,1996-03-04,14-Авг-96,81.5,0.0,0.0,1
70,22020-1904,1996-03-04,10-Июл-96,91.13,0.0,0.0,94
71,21058-1503,1996-03-05,30-Апр-96,94.25,94.0,94.25,257
72,22020-1503,1996-03-05,10-Июл-96,83.5,83.5,83.5,0
73,21058-2903,1996-03-05,30-Апр-96,96.4,96.4,96.4,3
74,22021-2903,1996-03-05,14-Авг-96,81.5,0.0,0.0,0
75,22020-1904,1996-03-05,10-Июл-96,91.13,0.0,0.0,0
76,22023-1203,1996-03-06,04-Сен-96,76.0,76.0,76.0,130
77,21058-1503,1996-03-06,30-Апр-96,93.73,93.7,93.75,65
78,22020-1503,1996-03-06,10-Июл-96,82.0,82.0,82.0,50
79,21058-2903,1996-03-06,30-Апр-96,96.19,96.16,96.2,28
80,22020-1904,1996-03-06,10-Июл-96,89.4,89.4,89.4,4
81,22023-1203,1996-03-07,04-Сен-96,74.0,75.0,78.0,288
82,21058-1503,1996-03-07,30-Апр-96,93.5,93.49,93.6,352
83,22020-1503,1996-03-07,10-Июл-96,82.3,82.3,82.3,16
84,21058-2903,1996-03-07,30-Апр-96,96.0,95.9,96.0,46
85,22021-2903,1996-03-07,14-Авг-96,81.38,81.4,81.4,20
86,22023-1203,1996-03-11,04-Сен-96,73.25,73.25,73.25,42
87,21058-1503,1996-03-11,30-Апр-96,92.8,92.8,92.88,78
88,22020-1503,1996-03-11,10-Июл-96,80.61,80.61,80.63,20
89,21058-2903,1996-03-11,30-Апр-96,95.0,95.0,95.1,239
90,22021-2903,1996-03-11,14-Авг-96,79.38,79.38,83.38,94
91,22020-1904,1996-03-11,10-Июл-96,87.4,87.4,91.4,82
92,21058-1503,1996-03-12,30-Апр-96,92.4,90.8,94.8,201
93,22020-1503,1996-03-12,10-Июл-96,79.69,78.61,82.61,235
94,21058-2903,1996-03-12,30-Апр-96,95.0,95.0,95.0,99
95,22021-2903,1996-03-12,14-Авг-96,78.9,77.38,81.38,20
96,22020-1904,1996-03-12,10-Июл-96,88.4,85.4,89.4,13
97,21058-1503,1996-03-13,30-Апр-96,92.6,90.4,94.4,299
98,22020-1503,1996-03-13,10-Июл-96,77.69,77.69,81.69,209
99,21058-2903,1996-03-13,30-Апр-96,93.97,93.97,93.97,17
100,22021-2903,1996-03-13,14-Авг-96,76.9,76.9,80.9,124
101,22020-1904,1996-03-13,10-Июл-96,86.5,86.5,86.5,15
102,21058-1503,1996-03-14,30-Апр-96,93.95,93.95,94.0,64
103,22020-1503,1996-03-14,10-Июл-96,78.41,78.1,78.45,190
104,21058-2903,1996-03-14,30-Апр-96,95.53,95.5,95.6,209
105,22021-2903,1996-03-14,14-Авг-96,77.9,74.9,74.9,75
106,22020-1904,1996-03-14,10-Июл-96,86.85,86.1,86.85,6
107,21058-2903,1996-03-15,30-Апр-96,96.11,96.0,97.53,116
108,22021-2903,1996-03-15,14-Авг-96,77.7,75.9,79.9,332
109,22020-1904,1996-03-15,10-Июл-96,87.95,87.93,87.95,20
110,22023-1705,1996-03-15,04-Сен-96,85.0,85.0,86.0,7
111,22024-1406,1996-03-15,11-Сен-96,84.0,79.0,84.0,180
112,21058-2903,1996-03-18,30-Апр-96,95.9,95.9,95.9,41
113,22021-2903,1996-03-18,14-Авг-96,77.3,75.7,75.7,114
114,22020-1904,1996-03-18,10-Июл-96,87.6,87.6,87.6,38
115,22023-1705,1996-03-18,04-Сен-96,84.51,84.4,87.0,88
116,22024-1406,1996-03-18,11-Сен-96,84.55,84.5,84.5,80
117,21058-2903,1996-03-19,30-Апр-96,95.8,95.8,95.8,114
118,22021-2903,1996-03-19,14-Авг-96,75.3,75.3,75.3,181
119,22020-1904,1996-03-19,10-Июл-96,86.9,86.9,87.05,649
120,22023-1705,1996-03-19,04-Сен-96,83.99,84.0,84.0,474
121,22024-1406,1996-03-19,11-Сен-96,84.4,84.4,84.4,110
122,21058-2903,1996-03-20,30-Апр-96,95.5,95.6,95.6,10
123,22021-2903,1996-03-20,14-Авг-96,73.5,73.5,73.5,1
124,22020-1904,1996-03-20,10-Июл-96,86.0,86.0,86.0,11
125,22023-1705,1996-03-20,04-Сен-96,81.99,80.99,81.0,213
126,22024-1406,1996-03-20,11-Сен-96,82.4,81.93,82.1,247
127,21058-2903,1996-03-21,30-Апр-96,94.25,93.5,94.25,377
128,22021-2903,1996-03-21,14-Авг-96,71.5,71.5,71.5,56
129,22020-1904,1996-03-21,10-Июл-96,84.0,82.4,82.4,21
130,22023-1705,1996-03-21,04-Сен-96,79.99,77.99,78.03,189
131,22024-1406,1996-03-21,11-Сен-96,80.4,79.4,79.4,46
132,21058-2903,1996-03-22,30-Апр-96,94.1,94.1,94.1,346
133,22021-2903,1996-03-22,14-Авг-96,69.5,69.5,69.5,324
134,22020-1904,1996-03-22,10-Июл-96,82.0,81.45,81.45,930
135,22023-1705,1996-03-22,04-Сен-96,77.99,79.34,79.34,955
136,22024-1406,1996-03-22,11-Сен-96,78.4,78.25,81.9,121
137,21058-2903,1996-03-25,30-Апр-96,94.0,94.0,94.0,222
138,22021-2903,1996-03-25,14-Авг-96,67.0,66.7,66.7,2
139,22020-1904,1996-03-25,10-Июл-96,79.5,84.0,84.5,136
140,22023-1705,1996-03-25,04-Сен-96,75.49,75.0,75.0,51
141,22024-1406,1996-03-25,11-Сен-96,77.49,77.4,77.5,82
142,21058-2903,1996-03-26,30-Апр-96,94.2,94.2,94.2,10
143,22021-2903,1996-03-26,14-Авг-96,68.01,68.3,68.3,4
144,22020-1904,1996-03-26,10-Июл-96,82.0,78.2,78.2,143
145,22023-1705,1996-03-26,04-Сен-96,77.99,78.8,78.99,34
146,22024-1406,1996-03-26,11-Сен-96,77.49,77.4,77.5,0
147,21058-2903,1996-03-27,30-Апр-96,93.97,93.97,94.05,61
148,22021-2903,1996-03-27,14-Авг-96,70.51,70.51,70.51,202
149,22020-1904,1996-03-27,10-Июл-96,84.5,85.3,85.44,130
150,22023-1705,1996-03-27,04-Сен-96,80.49,82.48,82.5,108
151,22024-1406,1996-03-27,11-Сен-96,79.99,82.49,82.49,11
152,21058-2903,1996-03-28,30-Апр-96,95.67,95.58,95.67,1235
153,22021-2903,1996-03-28,14-Авг-96,73.01,74.0,74.0,1
154,22020-1904,1996-03-28,10-Июл-96,86.75,86.75,86.75,79
155,22023-1705,1996-03-28,04-Сен-96,82.99,84.1,84.24,237
156,22024-1406,1996-03-28,11-Сен-96,82.49,85.49,85.49,29
157,22019-0904,1996-03-29,12-Июн-96,89.01,89.0,89.0,518
158,22024-0904,1996-03-29,11-Сен-96,71.0,71.0,71.0,10
159,22020-1904,1996-03-29,10-Июл-96,86.39,86.39,86.39,8
160,22023-1705,1996-03-29,04-Сен-96,82.9,82.9,82.91,49
161,22024-1406,1996-03-29,11-Сен-96,84.94,84.8,84.99,185
162,22019-0904,1996-04-01,12-Июн-96,90.0,90.0,90.0,76
163,22024-0904,1996-04-01,11-Сен-96,71.1,71.5,71.5,10
164,22020-1904,1996-04-01,10-Июл-96,86.39,86.39,86.39,213
165,22023-1705,1996-04-01,04-Сен-96,83.01,83.0,83.1,57
166,22024-1406,1996-04-01,11-Сен-96,85.05,85.05,85.07,99
167,22019-0904,1996-04-02,12-Июн-96,90.35,91.34,91.34,58
168,22024-0904,1996-04-02,11-Сен-96,72.6,72.6,72.6,44
169,22020-1904,1996-04-02,10-Июл-96,87.65,87.65,87.65,1
170,22023-1705,1996-04-02,04-Сен-96,84.14,84.14,84.33,240
171,22024-1406,1996-04-02,11-Сен-96,87.3,87.1,87.32,332
172,22019-0904,1996-04-03,12-Июн-96,90.95,90.95,90.95,163
173,22024-0904,1996-04-03,11-Сен-96,73.7,73.7,73.7,12
174,22020-1904,1996-04-03,10-Июл-96,89.0,89.0,89.0,10
175,22023-1705,1996-04-03,04-Сен-96,85.4,85.05,85.61,613
176,22024-1406,1996-04-03,11-Сен-96,87.94,87.9,88.4,575
177,22019-0904,1996-04-04,12-Июн-96,91.5,91.5,91.5,7
178,22024-0904,1996-04-04,11-Сен-96,73.75,73.75,74.0,29
179,22020-1904,1996-04-04,10-Июл-96,88.7,88.7,88.7,99
180,22023-1705,1996-04-04,04-Сен-96,84.81,84.8,84.88,356
181,22024-1406,1996-04-04,11-Сен-96,86.96,86.95,87.3,567
182,22019-0904,1996-04-05,12-Июн-96,91.2,91.2,91.2,446
183,22024-0904,1996-04-05,11-Сен-96,73.2,73.15,73.15,35
184,22020-1904,1996-04-05,10-Июл-96,88.5,88.5,88.5,3
185,22023-1705,1996-04-05,04-Сен-96,83.93,83.91,84.05,285
186,22024-1406,1996-04-05,11-Сен-96,85.77,85.74,85.84,468
187,22019-0904,1996-04-08,12-Июн-96,91.36,93.45,93.45,40
188,22024-0904,1996-04-08,11-Сен-96,72.4,72.4,72.4,69
189,22020-1904,1996-04-08,10-Июл-96,88.25,88.2,88.25,34
190,22023-1705,1996-04-08,04-Сен-96,83.91,83.8,83.91,108
191,22024-1406,1996-04-08,11-Сен-96,86.15,86.1,86.5,176
192,22020-1904,1996-04-09,10-Июл-96,87.4,87.4,87.4,18
193,22024-2304,1996-04-09,11-Сен-96,75.0,75.0,75.0,13
194,22023-1705,1996-04-09,04-Сен-96,83.9,83.01,83.44,216
195,22024-1406,1996-04-09,11-Сен-96,85.7,85.7,85.82,173
196,22020-1904,1996-04-10,10-Июл-96,86.8,86.8,86.8,21
197,22024-2304,1996-04-10,11-Сен-96,74.51,74.5,74.5,10
198,22023-1705,1996-04-10,04-Сен-96,83.1,83.1,83.41,225
199,22024-1406,1996-04-10,11-Сен-96,84.1,84.1,85.5,368
200,22020-1904,1996-04-11,10-Июл-96,84.75,84.6,84.8,230
201,22024-2304,1996-04-11,11-Сен-96,74.51,71.01,71.6,29
202,22023-1705,1996-04-11,04-Сен-96,80.6,79.6,79.6,231
203,22024-1406,1996-04-11,11-Сен-96,81.6,80.6,81.29,329
204,22020-1904,1996-04-12,10-Июл-96,84.95,84.95,84.95,261
205,22024-2304,1996-04-12,11-Сен-96,69.8,69.8,70.51,375
206,22023-1705,1996-04-12,04-Сен-96,79.1,78.0,79.1,750
207,22024-1406,1996-04-12,11-Сен-96,81.79,81.76,82.2,484
208,22028-1907,1996-04-12,09-Окт-96,83.5,83.5,83.5,10
209,22020-1904,1996-04-15,10-Июл-96,83.5,83.5,83.95,73
210,22024-2304,1996-04-15,11-Сен-96,69.05,68.9,69.05,138
211,22023-1705,1996-04-15,04-Сен-96,78.0,77.82,78.1,298
212,22024-1406,1996-04-15,11-Сен-96,81.5,81.14,81.51,662
213,22028-1907,1996-04-15,09-Окт-96,82.85,82.84,82.9,59
214,22020-1904,1996-04-16,10-Июл-96,82.51,82.51,82.51,4
215,22024-2304,1996-04-16,11-Сен-96,66.55,65.86,66.0,182
216,22023-1705,1996-04-16,04-Сен-96,75.8,75.85,76.06,879
217,22024-1406,1996-04-16,11-Сен-96,79.71,79.74,80.93,658
218,22028-1907,1996-04-16,09-Окт-96,80.85,80.85,80.85,42
219,22020-1904,1996-04-17,10-Июл-96,83.45,83.45,83.45,22
220,22024-2304,1996-04-17,11-Сен-96,65.5,65.5,65.5,468
221,22023-1705,1996-04-17,04-Сен-96,74.5,74.5,74.5,166
222,22024-1406,1996-04-17,11-Сен-96,77.21,77.21,77.21,216
223,22028-1907,1996-04-17,09-Окт-96,78.35,78.35,78.35,175
224,22020-1904,1996-04-18,10-Июл-96,83.5,83.53,83.8,286
225,22024-2304,1996-04-18,11-Сен-96,68.0,67.6,68.2,367
226,22023-1705,1996-04-18,04-Сен-96,77.0,78.0,78.0,712
227,22024-1406,1996-04-18,11-Сен-96,79.71,80.71,80.71,24
228,22028-1907,1996-04-18,09-Окт-96,80.85,78.35,78.35,37
229,22024-2304,1996-04-19,11-Сен-96,70.28,70.29,70.48,244
230,22024-3004,1996-04-19,11-Сен-96,71.45,71.4,71.41,158
231,22023-1705,1996-04-19,04-Сен-96,78.4,78.25,78.4,264
232,22024-1406,1996-04-19,11-Сен-96,81.95,81.97,82.33,541
233,22028-1907,1996-04-19,09-Окт-96,83.35,83.31,84.33,226
234,22024-2304,1996-04-22,11-Сен-96,69.5,69.5,69.6,184
235,22024-3004,1996-04-22,11-Сен-96,71.5,71.42,71.5,91
236,22023-1705,1996-04-22,04-Сен-96,79.0,78.3,79.02,155
237,22024-1406,1996-04-22,11-Сен-96,82.9,82.8,83.09,341
238,22028-1907,1996-04-22,09-Окт-96,84.7,84.6,84.88,149
239,22024-3004,1996-04-23,11-Сен-96,69.2,69.2,69.2,36
240,22023-1705,1996-04-23,04-Сен-96,77.2,77.14,77.33,141
241,22028-3105,1996-04-23,09-Окт-96,70.25,69.95,70.25,40
242,22024-1406,1996-04-23,11-Сен-96,80.85,80.7,81.06,464
243,22028-1907,1996-04-23,09-Окт-96,82.9,82.65,83.0,264
244,22024-3004,1996-04-24,11-Сен-96,71.43,71.4,71.5,120
245,22023-1705,1996-04-24,04-Сен-96,78.4,78.4,79.0,129
246,22028-3105,1996-04-24,09-Окт-96,71.29,71.29,71.4,271
247,22024-1406,1996-04-24,11-Сен-96,82.01,81.9,82.35,522
248,22028-1907,1996-04-24,09-Окт-96,83.79,83.75,83.86,105
249,22024-3004,1996-04-25,11-Сен-96,68.93,68.93,68.93,68
250,22023-1705,1996-04-25,04-Сен-96,75.9,75.9,75.9,408
251,22028-3105,1996-04-25,09-Окт-96,68.79,68.79,68.79,249
252,22024-1406,1996-04-25,11-Сен-96,79.51,79.51,79.51,634
253,22028-1907,1996-04-25,09-Окт-96,81.29,81.29,81.29,369
254,22024-3004,1996-04-26,11-Сен-96,66.43,65.43,65.43,31
255,22023-1705,1996-04-26,04-Сен-96,73.4,72.89,73.11,397
256,22028-3105,1996-04-26,09-Окт-96,66.68,66.69,67.02,260
257,22024-1406,1996-04-26,11-Сен-96,77.01,76.55,76.98,452
258,22028-1907,1996-04-26,09-Окт-96,78.79,78.21,78.35,103
259,22024-0705,1996-04-29,11-Сен-96,67.1,67.1,67.1,11
260,22023-1705,1996-04-29,04-Сен-96,72.84,72.78,72.9,472
261,22028-3105,1996-04-29,09-Окт-96,66.8,66.21,66.8,693
262,22024-1406,1996-04-29,11-Сен-96,77.5,77.5,78.06,638
263,22028-1907,1996-04-29,09-Окт-96,79.14,78.9,79.4,217
264,22024-0705,1996-04-30,11-Сен-96,66.05,66.05,66.05,57
265,22023-1705,1996-04-30,04-Сен-96,70.6,70.5,71.0,197
266,22028-3105,1996-04-30,09-Окт-96,64.4,64.38,64.43,89
267,22024-1406,1996-04-30,11-Сен-96,75.0,74.4,74.84,327
268,22028-1907,1996-04-30,09-Окт-96,77.18,76.9,77.18,217
269,22024-0705,1996-05-05,11-Сен-96,66.05,67.7,67.7,140
270,22023-1705,1996-05-05,04-Сен-96,68.1,67.78,67.81,122
271,22028-3105,1996-05-05,09-Окт-96,61.95,61.95,61.95,25
272,22024-1406,1996-05-05,11-Сен-96,72.5,72.4,72.65,535
273,22028-1907,1996-05-05,09-Окт-96,74.68,74.54,74.64,84
274,22024-0705,1996-05-06,11-Сен-96,62.6,62.6,62.6,90
275,22023-1705,1996-05-06,04-Сен-96,67.8,67.3,67.8,198
276,22028-3105,1996-05-06,09-Окт-96,62.27,62.0,62.3,184
277,22024-1406,1996-05-06,11-Сен-96,72.88,72.88,73.21,343
278,22028-1907,1996-05-06,09-Окт-96,75.2,75.0,75.34,230
279,22023-1705,1996-05-07,04-Сен-96,69.6,69.1,69.64,295
280,22024-2105,1996-05-07,11-Сен-96,69.05,69.05,69.84,531
281,22028-3105,1996-05-07,09-Окт-96,64.45,63.95,64.45,306
282,22024-1406,1996-05-07,11-Сен-96,75.38,75.4,75.95,402
283,22028-1907,1996-05-07,09-Окт-96,77.7,78.1,78.7,508
284,22023-1705,1996-05-08,04-Сен-96,70.16,69.9,70.45,339
285,22024-2105,1996-05-08,11-Сен-96,70.74,69.08,70.79,573
286,22028-3105,1996-05-08,09-Окт-96,66.95,67.0,67.0,125
287,22024-1406,1996-05-08,11-Сен-96,77.8,77.76,78.08,422
288,22028-1907,1996-05-08,09-Окт-96,79.3,79.3,79.75,233
289,22023-1705,1996-05-12,04-Сен-96,70.21,70.0,70.25,245
290,22024-2105,1996-05-12,11-Сен-96,69.35,69.3,69.71,523
291,22028-3105,1996-05-12,09-Окт-96,66.2,65.78,66.21,232
292,22024-1406,1996-05-12,11-Сен-96,77.62,77.31,77.62,557
293,22028-1907,1996-05-12,09-Окт-96,79.45,79.4,79.8,463
294,22023-1705,1996-05-13,04-Сен-96,72.71,72.3,73.51,984
295,22024-2105,1996-05-13,11-Сен-96,71.74,71.6,71.98,603
296,22028-3105,1996-05-13,09-Окт-96,68.07,68.0,68.3,389
297,22024-1406,1996-05-13,11-Сен-96,79.26,79.1,79.38,638
298,22028-1907,1996-05-13,09-Окт-96,81.15,80.88,81.15,634
299,22023-1705,1996-05-14,04-Сен-96,73.93,73.03,74.43,2297
300,22024-2105,1996-05-14,11-Сен-96,74.3,73.59,74.35,1582
301,22028-3105,1996-05-14,09-Окт-96,70.57,70.4,70.9,1326
302,22024-1406,1996-05-14,11-Сен-96,82.0,81.15,82.01,1721
303,22028-1907,1996-05-14,09-Окт-96,83.65,83.6,84.13,1230
304,22023-1705,1996-05-15,04-Сен-96,75.94,0.0,0.0,1691
305,22024-2105,1996-05-15,11-Сен-96,75.6,0.0,0.0,1147
306,22028-3105,1996-05-15,09-Окт-96,71.53,0.0,0.0,787
307,22024-1406,1996-05-15,11-Сен-96,81.49,0.0,0.0,840
308,22028-1907,1996-05-15,09-Окт-96,83.45,0.0,0.0,608
309,22023-1705,1996-05-16,04-Сен-96,77.4,75.92,76.65,2102
310,22024-2105,1996-05-16,11-Сен-96,74.35,74.3,74.98,782
311,22028-3105,1996-05-16,09-Окт-96,70.72,70.6,70.65,201
312,22024-1406,1996-05-16,11-Сен-96,81.15,81.14,81.96,589
313,22028-1907,1996-05-16,09-Окт-96,83.19,83.2,83.6,347
314,22024-2105,1996-05-17,11-Сен-96,71.85,70.85,70.85,380
315,22028-3105,1996-05-17,09-Окт-96,68.22,67.22,67.23,552
316,22024-0406,1996-05-17,11-Сен-96,71.9,70.5,72.01,3159
317,22024-1406,1996-05-17,11-Сен-96,78.65,77.65,77.65,172
318,22028-1907,1996-05-17,09-Окт-96,80.69,79.69,79.69,238
319,22024-2105,1996-05-20,11-Сен-96,71.12,71.1,71.22,627
320,22028-3105,1996-05-20,09-Окт-96,69.1,68.36,69.46,311
321,22024-0406,1996-05-20,11-Сен-96,74.4,75.0,75.4,1131
322,22024-1406,1996-05-20,11-Сен-96,78.97,78.97,79.88,1150
323,22028-1907,1996-05-20,09-Окт-96,80.85,80.5,80.85,217
324,22028-3105,1996-05-21,09-Окт-96,66.79,66.73,67.85,877
325,22024-0406,1996-05-21,11-Сен-96,73.51,73.0,73.7,1371
326,22024-1406,1996-05-21,11-Сен-96,76.47,76.35,79.52,1471
327,22027-0207,1996-05-21,02-Окт-96,76.45,76.4,76.71,243
328,22028-1907,1996-05-21,09-Окт-96,79.36,78.93,79.38,615
329,22028-3105,1996-05-22,09-Окт-96,64.29,63.8,64.44,550
330,22024-0406,1996-05-22,11-Сен-96,71.01,70.01,70.8,1256
331,22024-1406,1996-05-22,11-Сен-96,73.97,72.97,72.99,1083
332,22027-0207,1996-05-22,02-Окт-96,73.95,72.95,73.0,483
333,22028-1907,1996-05-22,09-Окт-96,76.86,76.16,76.53,688
334,22028-3105,1996-05-23,09-Окт-96,60.54,59.04,59.05,184
335,22024-0406,1996-05-23,11-Сен-96,67.26,67.0,67.66,1190
336,22024-1406,1996-05-23,11-Сен-96,70.22,69.1,70.01,1516
337,22027-0207,1996-05-23,02-Окт-96,70.54,70.2,71.08,491
338,22028-1907,1996-05-23,09-Окт-96,74.7,74.3,74.7,187
339,22028-3105,1996-05-24,09-Окт-96,60.8,60.45,61.03,202
340,22024-0406,1996-05-24,11-Сен-96,67.55,67.26,68.31,1504
341,22024-1406,1996-05-24,11-Сен-96,70.1,69.9,70.15,633
342,22027-0207,1996-05-24,02-Окт-96,71.31,71.01,71.35,433
343,22028-1907,1996-05-24,09-Окт-96,75.41,74.9,75.42,434
344,22028-3105,1996-05-27,09-Окт-96,59.55,59.55,59.75,59
345,22024-0406,1996-05-27,11-Сен-96,66.95,66.81,67.1,894
346,22024-1406,1996-05-27,11-Сен-96,69.99,69.56,70.01,798
347,22027-0207,1996-05-27,02-Окт-96,71.31,71.2,71.42,633
348,22028-1907,1996-05-27,09-Окт-96,75.87,75.45,75.87,370
349,22028-3105,1996-05-28,09-Окт-96,59.62,59.61,59.78,189
350,22024-0406,1996-05-28,11-Сен-96,67.9,67.88,68.1,1015
351,22024-1406,1996-05-28,11-Сен-96,70.83,70.78,70.95,1149
352,22027-0207,1996-05-28,02-Окт-96,72.09,71.8,72.11,968
353,22028-1907,1996-05-28,09-Окт-96,75.65,76.37,76.95,530
354,22028-3105,1996-05-29,09-Окт-96,60.8,59.19,59.75,395
355,22024-0406,1996-05-29,11-Сен-96,70.7,70.38,70.84,915
356,22024-1406,1996-05-29,11-Сен-96,73.83,73.69,74.4,1139
357,22027-0207,1996-05-29,02-Окт-96,75.09,75.1,75.61,945
358,22028-1907,1996-05-29,09-Окт-96,78.65,78.95,79.21,1191
359,22028-3105,1996-05-30,09-Окт-96,59.8,59.8,60.3,468
360,22024-0406,1996-05-30,11-Сен-96,68.0,67.5,68.18,795
361,22024-1406,1996-05-30,11-Сен-96,72.0,71.68,72.05,1045
362,22027-0207,1996-05-30,02-Окт-96,73.75,73.3,73.75,795
363,22028-1907,1996-05-30,09-Окт-96,77.73,77.2,77.73,909
364,22024-0406,1996-05-31,11-Сен-96,69.2,69.2,69.6,867
365,22024-1406,1996-05-31,11-Сен-96,72.3,72.3,72.86,1144
366,22027-0207,1996-05-31,02-Окт-96,73.87,73.79,74.35,998
367,22028-1907,1996-05-31,09-Окт-96,78.32,77.75,78.31,691
368,22032-0608,1996-05-31,06-Ноя-96,78.45,77.0,78.7,239
369,22024-0406,1996-06-03,11-Сен-96,69.6,69.33,69.62,530
370,22024-1406,1996-06-03,11-Сен-96,73.16,72.78,73.47,842
371,22027-0207,1996-06-03,02-Окт-96,75.8,74.94,75.36,534
372,22028-1907,1996-06-03,09-Окт-96,80.35,80.32,80.9,786
373,22032-0608,1996-06-03,06-Ноя-96,80.45,80.2,80.4,409
374,22024-1406,1996-06-04,11-Сен-96,72.75,72.85,73.8,1051
375,22027-0207,1996-06-04,02-Окт-96,74.73,74.65,75.3,1278
376,22028-1907,1996-06-04,09-Окт-96,79.29,78.5,79.43,739
377,22032-0608,1996-06-04,06-Ноя-96,79.74,79.45,79.8,497
378,22034-2008,1996-06-04,27-Ноя-96,79.58,75.0,85.0,14
379,22024-1406,1996-06-05,11-Сен-96,73.25,73.2,73.93,1338
380,22027-0207,1996-06-05,02-Окт-96,74.8,74.7,75.2,934
381,22028-1907,1996-06-05,09-Окт-96,78.77,78.73,79.1,606
382,22032-0608,1996-06-05,06-Ноя-96,79.09,78.8,79.13,683
383,22034-2008,1996-06-05,27-Ноя-96,78.5,78.5,78.55,68
384,22024-1406,1996-06-06,11-Сен-96,73.2,73.05,73.9,1092
385,22027-0207,1996-06-06,02-Окт-96,75.18,74.6,75.23,1503
386,22028-1907,1996-06-06,09-Окт-96,78.75,78.75,79.33,1911
387,22032-0608,1996-06-06,06-Ноя-96,78.25,78.24,78.9,905
388,22034-2008,1996-06-06,27-Ноя-96,76.83,76.83,77.89,266
389,22024-1406,1996-06-07,11-Сен-96,72.61,72.58,72.85,912
390,22027-0207,1996-06-07,02-Окт-96,73.33,73.31,74.04,1231
391,22028-1907,1996-06-07,09-Окт-96,76.65,76.35,76.75,889
392,22032-0608,1996-06-07,06-Ноя-96,75.91,75.8,76.2,790
393,22034-2008,1996-06-07,27-Ноя-96,74.98,74.55,75.14,495
394,22024-1406,1996-06-10,11-Сен-96,72.17,72.16,72.95,214
395,22027-0207,1996-06-10,02-Окт-96,72.48,71.96,72.99,710
396,22028-1907,1996-06-10,09-Окт-96,76.04,75.81,76.3,618
397,22032-0608,1996-06-10,06-Ноя-96,74.84,74.79,75.26,821
398,22034-2008,1996-06-10,27-Ноя-96,74.4,73.84,74.4,469
399,22024-1406,1996-06-11,11-Сен-96,69.2,69.19,69.6,854
400,22027-0207,1996-06-11,02-Окт-96,70.99,69.67,70.38,1330
401,22028-1907,1996-06-11,09-Окт-96,74.88,74.7,75.21,878
402,22032-0608,1996-06-11,06-Ноя-96,74.45,73.8,74.48,620
403,22034-2008,1996-06-11,27-Ноя-96,74.31,73.88,74.38,470
404,22024-1406,1996-06-13,11-Сен-96,68.99,68.47,69.05,421
405,22027-0207,1996-06-13,02-Окт-96,71.98,71.2,72.02,790
406,22028-1907,1996-06-13,09-Окт-96,76.05,75.65,76.1,913
407,22032-0608,1996-06-13,06-Ноя-96,76.0,75.54,76.03,791
408,22034-2008,1996-06-13,27-Ноя-96,76.05,75.73,76.21,859
409,22024-2506,1996-06-14,11-Сен-96,76.49,76.5,76.7,139
410,22024-0207,1996-06-14,11-Сен-96,78.51,78.51,78.6,42
411,22027-0207,1996-06-14,02-Окт-96,74.65,74.01,74.95,527
412,22028-1907,1996-06-14,09-Окт-96,78.93,78.78,79.01,363
413,22032-0608,1996-06-14,06-Ноя-96,79.4,78.94,79.4,277
414,22034-2008,1996-06-14,27-Ноя-96,79.48,79.36,79.56,195
415,22024-2506,1996-06-17,11-Сен-96,78.1,78.0,78.4,182
416,22024-0207,1996-06-17,11-Сен-96,81.01,80.7,81.01,228
417,22027-0207,1996-06-17,02-Окт-96,75.8,75.63,77.35,567
418,22028-1907,1996-06-17,09-Окт-96,79.92,79.4,80.1,543
419,22032-0608,1996-06-17,06-Ноя-96,80.65,80.1,80.65,121
420,22034-2008,1996-06-17,27-Ноя-96,79.4,79.6,80.3,164
421,22024-2506,1996-06-18,11-Сен-96,79.95,79.45,80.1,240
422,22024-0207,1996-06-18,11-Сен-96,82.73,82.57,82.87,234
423,22027-0207,1996-06-18,02-Окт-96,77.0,77.0,77.61,1157
424,22028-1907,1996-06-18,09-Окт-96,80.5,80.3,81.0,783
425,22032-0608,1996-06-18,06-Ноя-96,80.6,80.6,81.11,225
426,22034-2008,1996-06-18,27-Ноя-96,80.2,79.6,80.23,410
427,22024-2506,1996-06-19,11-Сен-96,80.56,80.45,80.7,253
428,22024-0207,1996-06-19,11-Сен-96,84.3,83.0,83.09,51
429,22027-0207,1996-06-19,02-Окт-96,78.55,78.48,79.6,578
430,22028-1907,1996-06-19,09-Окт-96,81.88,81.51,82.05,574
431,22032-0608,1996-06-19,06-Ноя-96,81.6,81.61,81.98,512
432,22034-2008,1996-06-19,27-Ноя-96,81.15,80.7,81.16,452
433,22024-2506,1996-06-20,11-Сен-96,81.3,81.22,81.51,362
434,22024-0207,1996-06-20,11-Сен-96,84.09,83.15,84.06,549
435,22027-0207,1996-06-20,02-Окт-96,78.8,78.55,79.16,2124
436,22028-1907,1996-06-20,09-Окт-96,82.21,81.86,82.45,723
437,22032-0608,1996-06-20,06-Ноя-96,81.5,81.4,81.81,946
438,22034-2008,1996-06-20,27-Ноя-96,80.7,80.68,80.87,944
439,22024-2506,1996-06-21,11-Сен-96,81.18,80.94,81.19,484
440,22024-0207,1996-06-21,11-Сен-96,82.91,82.91,83.85,845
441,22027-0207,1996-06-21,02-Окт-96,77.18,77.15,77.63,1032
442,22028-1907,1996-06-21,09-Окт-96,80.51,80.47,80.87,909
443,22032-0608,1996-06-21,06-Ноя-96,80.18,79.99,80.2,932
444,22034-2008,1996-06-21,27-Ноя-96,79.83,79.44,79.87,786
445,22037-0309,1996-06-21,25-Дек-96,0.0,0.0,0.0,0
446,22024-2506,1996-06-24,11-Сен-96,82.4,82.4,82.85,172
447,22024-0207,1996-06-24,11-Сен-96,84.48,83.76,84.81,561
448,22027-0207,1996-06-24,02-Окт-96,78.41,78.4,79.2,1485
449,22028-1907,1996-06-24,09-Окт-96,82.44,81.62,82.5,949
450,22032-0608,1996-06-24,06-Ноя-96,82.1,82.0,82.44,1203
451,22034-2008,1996-06-24,27-Ноя-96,81.35,81.1,81.6,1110
452,22037-0309,1996-06-24,25-Дек-96,80.5,74.0,84.0,25
453,22024-0207,1996-06-25,11-Сен-96,86.07,85.8,86.12,615
454,22027-0207,1996-06-25,02-Окт-96,81.41,78.41,81.8,1155
455,22024-0907,1996-06-25,11-Сен-96,88.05,87.86,89.0,88
456,22028-1907,1996-06-25,09-Окт-96,85.44,85.0,85.72,913
457,22032-0608,1996-06-25,06-Ноя-96,84.93,84.91,85.51,1166
458,22034-2008,1996-06-25,27-Ноя-96,83.34,83.3,83.95,835
459,22037-0309,1996-06-25,25-Дек-96,81.9,81.5,82.07,27
460,22024-0207,1996-06-26,11-Сен-96,85.64,85.5,85.75,133
461,22027-0207,1996-06-26,02-Окт-96,81.36,81.1,81.71,550
462,22024-0907,1996-06-26,11-Сен-96,87.89,87.5,88.25,388
463,22028-1907,1996-06-26,09-Окт-96,85.35,85.03,85.4,546
464,22032-0608,1996-06-26,06-Ноя-96,84.46,84.35,84.9,1090
465,22034-2008,1996-06-26,27-Ноя-96,83.15,82.9,83.46,783
466,22037-0309,1996-06-26,25-Дек-96,81.19,81.19,81.62,65
467,22024-0207,1996-06-27,11-Сен-96,85.45,85.06,85.52,130
468,22027-0207,1996-06-27,02-Окт-96,80.61,80.6,81.22,1330
469,22024-0907,1996-06-27,11-Сен-96,87.4,86.99,87.4,338
470,22028-1907,1996-06-27,09-Окт-96,83.9,83.89,85.3,1310
471,22032-0608,1996-06-27,06-Ноя-96,82.48,82.49,83.05,1321
472,22034-2008,1996-06-27,27-Ноя-96,81.8,81.5,81.92,976
473,22037-0309,1996-06-27,25-Дек-96,80.27,79.99,80.29,390
474,22024-0207,1996-06-28,11-Сен-96,85.7,80.45,90.45,396
475,22027-0207,1996-06-28,02-Окт-96,80.4,80.29,80.6,522
476,22024-0907,1996-06-28,11-Сен-96,87.98,87.89,88.2,348
477,22028-1907,1996-06-28,09-Окт-96,84.2,83.93,84.79,501
478,22032-0608,1996-06-28,06-Ноя-96,83.49,82.73,83.51,752
479,22034-2008,1996-06-28,27-Ноя-96,83.68,82.6,83.8,622
480,22037-0309,1996-06-28,25-Дек-96,82.75,81.45,82.4,414
481,22024-0207,1996-07-01,11-Сен-96,85.71,85.71,85.71,56
482,22027-0207,1996-07-01,02-Окт-96,80.84,80.89,80.61,574
483,22024-0907,1996-07-01,11-Сен-96,88.43,88.55,88.33,152
484,22028-1907,1996-07-01,09-Окт-96,85.73,86.0,85.0,611
485,22032-0608,1996-07-01,06-Ноя-96,85.51,85.53,84.85,612
486,22034-2008,1996-07-01,27-Ноя-96,85.63,87.11,85.0,515
487,22037-0309,1996-07-01,25-Дек-96,83.82,84.8,83.81,507
488,22024-0907,1996-07-02,11-Сен-96,88.65,88.9,88.6,253
489,22027-1607,1996-07-02,02-Окт-96,87.1,87.3,86.0,34
490,22032-1607,1996-07-02,06-Ноя-96,82.15,82.44,82.0,41
491,22028-1907,1996-07-02,09-Окт-96,86.12,86.6,86.06,327
492,22032-0608,1996-07-02,06-Ноя-96,86.3,86.41,85.47,542
493,22034-2008,1996-07-02,27-Ноя-96,86.75,86.78,86.2,242
494,22037-0309,1996-07-02,25-Дек-96,84.81,85.1,84.61,269
495,22024-0907,1996-07-04,11-Сен-96,88.81,89.01,88.78,270
496,22027-1607,1996-07-04,02-Окт-96,87.43,87.4,86.85,18
497,22032-1607,1996-07-04,06-Ноя-96,83.17,83.06,82.88,129
498,22028-1907,1996-07-04,09-Окт-96,87.75,87.8,87.3,568
499,22032-0608,1996-07-04,06-Ноя-96,87.11,87.11,86.85,382
500,22034-2008,1996-07-04,27-Ноя-96,86.61,87.3,86.61,339
501,22037-0309,1996-07-04,25-Дек-96,84.45,84.64,84.4,349
502,22024-0907,1996-07-05,11-Сен-96,90.15,90.18,89.51,122
503,22027-1607,1996-07-05,02-Окт-96,89.1,89.11,88.8,115
504,22032-1607,1996-07-05,06-Ноя-96,83.85,84.28,83.75,535
505,22028-1907,1996-07-05,09-Окт-96,88.26,88.53,88.23,1260
506,22032-0608,1996-07-05,06-Ноя-96,86.96,87.91,86.96,458
507,22034-2008,1996-07-05,27-Ноя-96,85.99,86.45,85.9,536
508,22037-0309,1996-07-05,25-Дек-96,84.1,84.2,83.9,569
509,22024-0907,1996-07-08,11-Сен-96,91.0,91.0,90.7,234
510,22027-1607,1996-07-08,02-Окт-96,89.49,89.6,88.9,115
511,22032-1607,1996-07-08,06-Ноя-96,82.93,83.16,82.85,312
512,22028-1907,1996-07-08,09-Окт-96,87.79,88.0,87.5,636
513,22032-0608,1996-07-08,06-Ноя-96,86.49,86.67,86.4,303
514,22034-2008,1996-07-08,27-Ноя-96,85.55,85.7,85.51,494
515,22037-0309,1996-07-08,25-Дек-96,83.6,84.53,83.49,520
516,22027-1607,1996-07-09,02-Окт-96,87.99,87.99,87.8,65
517,22032-1607,1996-07-09,06-Ноя-96,80.9,81.1,80.7,260
518,22028-1907,1996-07-09,09-Окт-96,86.91,87.0,85.9,854
519,22032-0608,1996-07-09,06-Ноя-96,85.26,85.54,85.18,1058
520,22034-2008,1996-07-09,27-Ноя-96,84.15,84.3,83.99,1138
521,22037-0309,1996-07-09,25-Дек-96,82.02,82.2,81.93,1149
522,22036-1709,1996-07-09,11-Дек-96,86.35,86.5,86.22,4
523,22024-1607,1996-07-10,11-Сен-96,91.2,91.2,91.2,5
524,22027-1607,1996-07-10,02-Окт-96,86.21,86.53,86.21,120
525,22032-1607,1996-07-10,06-Ноя-96,79.96,80.0,79.81,402
526,22028-1907,1996-07-10,09-Окт-96,85.3,86.35,85.19,680
527,22032-0608,1996-07-10,06-Ноя-96,83.75,83.8,83.3,556
528,22034-2008,1996-07-10,27-Ноя-96,82.95,83.16,82.65,760
529,22037-0309,1996-07-10,25-Дек-96,80.49,81.3,80.5,863
530,22036-1709,1996-07-10,11-Дек-96,84.8,84.9,84.33,144
531,22024-1607,1996-07-11,11-Сен-96,91.2,0.0,0.0,0
532,22027-1607,1996-07-11,02-Окт-96,85.0,84.83,84.1,148
533,22036-1607,1996-07-11,11-Дек-96,73.0,74.0,73.0,6
534,22032-1607,1996-07-11,06-Ноя-96,78.4,78.8,78.4,441
535,22028-1907,1996-07-11,09-Окт-96,83.9,83.98,83.36,694
536,22032-0608,1996-07-11,06-Ноя-96,82.73,83.03,82.37,891
537,22034-2008,1996-07-11,27-Ноя-96,81.39,81.85,81.36,838
538,22037-0309,1996-07-11,25-Дек-96,79.4,79.49,79.0,697
539,22036-1709,1996-07-11,11-Дек-96,84.15,84.41,84.0,325
540,22024-1607,1996-07-12,11-Сен-96,91.0,91.0,91.0,1
541,22027-1607,1996-07-12,02-Окт-96,86.25,86.25,85.7,62
542,22036-1607,1996-07-12,11-Дек-96,73.0,0.0,0.0,0
543,22032-1607,1996-07-12,06-Ноя-96,80.13,80.14,79.8,345
544,22028-1907,1996-07-12,09-Окт-96,85.6,86.15,85.4,498
545,22032-0608,1996-07-12,06-Ноя-96,84.9,85.08,84.15,1099
546,22034-2008,1996-07-12,27-Ноя-96,83.82,84.1,83.3,700
547,22037-0309,1996-07-12,25-Дек-96,82.0,82.28,81.61,821
548,22036-1709,1996-07-12,11-Дек-96,86.66,86.75,86.2,472
549,22027-1607,1996-07-15,02-Окт-96,88.1,91.25,81.25,54
550,22032-1607,1996-07-15,06-Ноя-96,82.4,82.6,81.76,141
551,22028-1907,1996-07-15,09-Окт-96,88.45,88.8,88.0,330
552,22032-0608,1996-07-15,06-Ноя-96,87.05,87.6,86.9,1030
553,22034-2008,1996-07-15,27-Ноя-96,85.77,86.0,85.68,560
554,22037-0309,1996-07-15,25-Дек-96,84.94,84.92,84.0,824
555,22036-1709,1996-07-15,11-Дек-96,89.66,89.8,89.15,432
556,22028-1907,1996-07-16,09-Окт-96,87.85,88.37,87.8,165
557,22032-0608,1996-07-16,06-Ноя-96,86.4,86.9,83.75,540
558,22039-0608,1996-07-16,15-Янв-97,75.75,75.99,75.75,86
559,22034-2008,1996-07-16,27-Ноя-96,85.62,85.68,85.49,390
560,22037-0309,1996-07-16,25-Дек-96,84.7,85.12,84.65,609
561,22036-1709,1996-07-16,11-Дек-96,88.77,89.1,88.65,328
562,22038-0110,1996-07-16,08-Янв-97,86.5,86.57,86.5,10
563,22028-1907,1996-07-17,09-Окт-96,87.71,92.85,82.85,8
564,22032-0608,1996-07-17,06-Ноя-96,86.55,87.1,86.19,156
565,22039-0608,1996-07-17,15-Янв-97,76.35,76.3,76.05,21
566,22034-2008,1996-07-17,27-Ноя-96,86.0,86.42,85.95,440
567,22037-0309,1996-07-17,25-Дек-96,84.89,85.1,84.89,301
568,22036-1709,1996-07-17,11-Дек-96,88.77,88.89,88.7,199
569,22038-0110,1996-07-17,08-Янв-97,87.35,87.35,86.6,80
570,22028-1907,1996-07-18,09-Окт-96,88.55,89.1,88.5,563
571,22032-0608,1996-07-18,06-Ноя-96,86.4,87.0,83.75,260
572,22039-0608,1996-07-18,15-Янв-97,75.8,76.28,75.79,201
573,22034-2008,1996-07-18,27-Ноя-96,85.19,85.69,83.75,462
574,22037-0309,1996-07-18,25-Дек-96,83.55,83.92,83.39,512
575,22036-1709,1996-07-18,11-Дек-96,87.84,87.86,87.45,362
576,22038-0110,1996-07-18,08-Янв-97,86.04,86.5,86.03,262
577,22032-0608,1996-07-19,06-Ноя-96,86.7,86.9,86.7,372
578,22039-0608,1996-07-19,15-Янв-97,75.4,76.1,75.4,238
579,22034-2008,1996-07-19,27-Ноя-96,85.35,85.5,85.08,358
580,22037-0309,1996-07-19,25-Дек-96,84.65,84.65,84.0,289
581,22036-1709,1996-07-19,11-Дек-96,89.37,89.9,89.03,355
582,22038-0110,1996-07-19,08-Янв-97,87.77,88.0,87.4,562
583,22032-0608,1996-07-22,06-Ноя-96,87.35,87.45,87.2,77
584,22039-0608,1996-07-22,15-Янв-97,76.21,76.56,75.88,155
585,22034-2008,1996-07-22,27-Ноя-96,85.7,85.87,85.67,110
586,22037-0309,1996-07-22,25-Дек-96,84.46,84.65,84.14,182
587,22036-1709,1996-07-22,11-Дек-96,89.04,89.25,88.7,417
588,22038-0110,1996-07-22,08-Янв-97,87.34,87.5,87.25,235
589,22032-0608,1996-07-23,06-Ноя-96,85.05,92.35,82.35,447
590,22039-0608,1996-07-23,15-Янв-97,73.32,74.1,73.2,676
591,22034-2008,1996-07-23,27-Ноя-96,83.45,84.0,82.95,910
592,22037-0309,1996-07-23,25-Дек-96,81.99,82.23,81.9,782
593,22036-1709,1996-07-23,11-Дек-96,86.23,87.0,86.1,971
594,22038-0110,1996-07-23,08-Янв-97,84.34,84.52,84.0,506
595,22032-0608,1996-07-24,06-Ноя-96,85.39,85.85,85.4,604
596,22039-0608,1996-07-24,15-Янв-97,73.35,73.63,73.15,409
597,22034-2008,1996-07-24,27-Ноя-96,83.92,83.88,83.3,200
598,22037-0309,1996-07-24,25-Дек-96,82.25,82.41,82.0,896
599,22036-1709,1996-07-24,11-Дек-96,86.41,86.55,86.38,250
600,22038-0110,1996-07-24,08-Янв-97,84.62,84.62,84.2,161
601,22039-1510,1996-07-24,15-Янв-97,86.0,86.0,86.0,12
602,22032-0608,1996-07-25,06-Ноя-96,86.45,86.6,86.3,240
603,22039-0608,1996-07-25,15-Янв-97,75.24,75.31,74.7,286
604,22034-2008,1996-07-25,27-Ноя-96,85.2,85.71,85.18,628
605,22037-0309,1996-07-25,25-Дек-96,83.61,83.61,83.3,505
606,22036-1709,1996-07-25,11-Дек-96,88.25,88.25,86.41,442
607,22038-0110,1996-07-25,08-Янв-97,86.44,86.56,86.1,543
608,22039-1510,1996-07-25,15-Янв-97,87.74,88.0,87.61,58
609,22032-0608,1996-07-26,06-Ноя-96,86.25,91.45,85.95,91
610,22039-0608,1996-07-26,15-Янв-97,74.29,74.42,74.1,352
611,22034-2008,1996-07-26,27-Ноя-96,84.95,85.35,84.5,366
612,22037-0309,1996-07-26,25-Дек-96,83.35,83.46,83.19,670
613,22036-1709,1996-07-26,11-Дек-96,87.8,88.1,87.71,493
614,22038-0110,1996-07-26,08-Янв-97,85.9,87.45,85.89,540
615,22039-1510,1996-07-26,15-Янв-97,87.19,87.31,87.0,116
616,22032-0608,1996-07-29,06-Ноя-96,85.3,85.32,84.9,219
617,22039-0608,1996-07-29,15-Янв-97,72.57,72.75,72.4,349
618,22034-2008,1996-07-29,27-Ноя-96,84.2,84.2,83.8,254
619,22037-0309,1996-07-29,25-Дек-96,82.44,82.52,82.25,352
620,22036-1709,1996-07-29,11-Дек-96,87.22,87.36,87.0,156
621,22038-0110,1996-07-29,08-Янв-97,85.43,85.45,85.28,51
622,22039-1510,1996-07-29,15-Янв-97,86.78,86.84,86.74,50
623,22032-0608,1996-07-30,06-Ноя-96,85.43,85.41,85.0,12
624,22039-0608,1996-07-30,15-Янв-97,72.2,72.41,72.15,481
625,22034-2008,1996-07-30,27-Ноя-96,84.4,84.4,83.95,201
626,22037-0309,1996-07-30,25-Дек-96,82.8,82.8,82.5,174
627,22036-1709,1996-07-30,11-Дек-96,87.74,87.85,87.7,255
628,22038-0110,1996-07-30,08-Янв-97,85.54,85.75,85.55,129
629,22039-1510,1996-07-30,15-Янв-97,86.66,86.7,86.59,48
630,22032-0608,1996-07-31,06-Ноя-96,85.02,85.6,85.0,65
631,22039-0608,1996-07-31,15-Янв-97,72.0,72.06,71.85,169
632,22034-2008,1996-07-31,27-Ноя-96,84.25,84.39,84.2,59
633,22037-0309,1996-07-31,25-Дек-96,82.58,82.7,82.58,114
634,22036-1709,1996-07-31,11-Дек-96,87.24,87.49,87.2,83
635,22038-0110,1996-07-31,08-Янв-97,84.96,85.21,84.97,266
636,22039-1510,1996-07-31,15-Янв-97,86.0,86.1,86.0,13
637,22032-0608,1996-08-01,06-Ноя-96,85.35,85.35,84.8,59
638,22039-0608,1996-08-01,15-Янв-97,71.34,71.65,71.34,620
639,22034-2008,1996-08-01,27-Ноя-96,83.95,84.34,83.7,142
640,22037-0309,1996-08-01,25-Дек-96,82.21,82.61,82.0,365
641,22036-1709,1996-08-01,11-Дек-96,86.59,86.95,86.6,209
642,22038-0110,1996-08-01,08-Янв-97,83.9,84.15,83.9,181
643,22039-1510,1996-08-01,15-Янв-97,85.17,85.15,84.96,111
644,22032-0608,1996-08-02,06-Ноя-96,85.41,85.6,85.41,13
645,22039-0608,1996-08-02,15-Янв-97,71.23,71.3,71.19,250
646,22034-2008,1996-08-02,27-Ноя-96,83.83,84.15,83.8,297
647,22037-0309,1996-08-02,25-Дек-96,82.15,82.21,82.0,92
648,22036-1709,1996-08-02,11-Дек-96,86.75,86.82,86.7,69
649,22038-0110,1996-08-02,08-Янв-97,84.09,84.21,84.06,298
650,22039-1510,1996-08-02,15-Янв-97,85.46,85.45,85.19,78
651,22032-0608,1996-08-05,06-Ноя-96,84.65,84.65,84.65,1
652,22039-0608,1996-08-05,15-Янв-97,70.51,70.63,70.5,89
653,22034-2008,1996-08-05,27-Ноя-96,83.08,83.1,83.0,199
654,22037-0309,1996-08-05,25-Дек-96,81.49,81.49,81.22,676
655,22036-1709,1996-08-05,11-Дек-96,86.15,86.3,86.1,263
656,22038-0110,1996-08-05,08-Янв-97,83.18,83.6,83.13,373
657,22039-1510,1996-08-05,15-Янв-97,84.0,84.75,84.0,202
658,22034-2008,1996-08-06,27-Ноя-96,82.99,82.99,82.95,72
659,22036-2708,1996-08-06,11-Дек-96,82.06,82.06,82.0,4
660,22037-0309,1996-08-06,25-Дек-96,81.87,81.87,81.35,258
661,22036-1009,1996-08-06,11-Дек-96,85.25,85.23,85.2,10
662,22036-1709,1996-08-06,11-Дек-96,86.9,86.9,86.55,142
663,22038-0110,1996-08-06,08-Янв-97,84.47,84.49,83.9,509
664,22039-1510,1996-08-06,15-Янв-97,85.59,85.65,85.35,878
665,22034-2008,1996-08-07,27-Ноя-96,83.35,83.5,82.93,468
666,22036-2708,1996-08-07,11-Дек-96,82.06,82.06,82.06,4
667,22037-0309,1996-08-07,25-Дек-96,81.85,81.87,81.47,99
668,22036-1009,1996-08-07,11-Дек-96,85.52,85.55,85.5,30
669,22036-1709,1996-08-07,11-Дек-96,86.74,86.95,86.72,75
670,22038-0110,1996-08-07,08-Янв-97,84.15,84.49,84.0,374
671,22039-1510,1996-08-07,15-Янв-97,85.25,85.42,85.0,561
672,22040-2910,1996-08-07,29-Янв-97,0.0,0.0,0.0,0
673,22034-2008,1996-08-08,27-Ноя-96,84.3,84.38,84.0,213
674,22036-2708,1996-08-08,11-Дек-96,83.1,83.1,83.05,23
675,22037-0309,1996-08-08,25-Дек-96,83.2,83.2,82.33,254
676,22036-1009,1996-08-08,11-Дек-96,86.95,87.0,86.9,10
677,22036-1709,1996-08-08,11-Дек-96,88.18,88.18,87.85,530
678,22038-0110,1996-08-08,08-Янв-97,85.83,85.86,85.6,733
679,22039-1510,1996-08-08,15-Янв-97,86.72,86.85,86.5,863
680,22040-2910,1996-08-08,29-Янв-97,86.65,86.65,86.5,135
681,22034-2008,1996-08-09,27-Ноя-96,84.85,85.11,84.8,212
682,22036-2708,1996-08-09,11-Дек-96,83.21,83.22,83.2,19
683,22037-0309,1996-08-09,25-Дек-96,83.1,83.5,83.06,330
684,22036-1009,1996-08-09,11-Дек-96,86.55,86.99,86.5,7
685,22036-1709,1996-08-09,11-Дек-96,87.64,88.18,87.59,507
686,22038-0110,1996-08-09,08-Янв-97,85.03,85.2,84.98,1050
687,22039-1510,1996-08-09,15-Янв-97,85.8,86.12,85.8,766
688,22040-2910,1996-08-09,29-Янв-97,85.96,86.0,85.9,15
689,22034-2008,1996-08-12,27-Ноя-96,84.84,84.86,84.35,49
690,22036-2708,1996-08-12,11-Дек-96,83.9,84.1,83.8,27
691,22037-0309,1996-08-12,25-Дек-96,83.55,83.82,83.55,420
692,22036-1009,1996-08-12,11-Дек-96,86.5,87.3,86.5,87
693,22036-1709,1996-08-12,11-Дек-96,87.57,87.8,87.4,385
694,22038-0110,1996-08-12,08-Янв-97,84.85,85.1,84.74,647
695,22039-1510,1996-08-12,15-Янв-97,85.88,86.01,85.55,617
696,22040-2910,1996-08-12,29-Янв-97,86.0,86.1,85.99,23
697,22034-2008,1996-08-13,27-Ноя-96,85.6,85.9,85.59,170
698,22036-2708,1996-08-13,11-Дек-96,84.15,84.4,84.05,72
699,22037-0309,1996-08-13,25-Дек-96,83.59,83.75,83.49,321
700,22036-1009,1996-08-13,11-Дек-96,86.66,87.01,86.6,265
701,22036-1709,1996-08-13,11-Дек-96,87.76,87.81,87.62,585
702,22038-0110,1996-08-13,08-Янв-97,85.67,85.8,85.36,977
703,22039-1510,1996-08-13,15-Янв-97,86.78,86.91,86.6,1047
704,22040-2910,1996-08-13,29-Янв-97,86.75,86.85,86.7,22
705,22034-2008,1996-08-14,27-Ноя-96,85.85,85.86,85.66,266
706,22036-2708,1996-08-14,11-Дек-96,85.1,85.1,84.84,97
707,22037-0309,1996-08-14,25-Дек-96,84.58,84.62,84.45,341
708,22036-1009,1996-08-14,11-Дек-96,87.69,87.82,87.69,99
709,22036-1709,1996-08-14,11-Дек-96,88.68,88.73,88.52,239
710,22038-0110,1996-08-14,08-Янв-97,86.68,86.77,86.51,563
711,22039-1510,1996-08-14,15-Янв-97,87.54,87.8,86.7,519
712,22040-2910,1996-08-14,29-Янв-97,87.5,87.62,87.45,35
713,22034-2008,1996-08-15,27-Ноя-96,85.83,86.01,83.35,55
714,22036-2708,1996-08-15,11-Дек-96,84.34,84.95,84.34,125
715,22037-0309,1996-08-15,25-Дек-96,83.8,84.2,83.5,439
716,22036-1009,1996-08-15,11-Дек-96,86.9,87.1,86.5,80
717,22036-1709,1996-08-15,11-Дек-96,88.05,88.11,87.95,248
718,22038-0110,1996-08-15,08-Янв-97,86.31,86.38,86.09,398
719,22039-1510,1996-08-15,15-Янв-97,87.23,87.49,87.1,682
720,22040-2910,1996-08-15,29-Янв-97,87.49,87.51,85.0,90
721,22034-2008,1996-08-16,27-Ноя-96,85.83,86.01,83.35,55
722,22036-2708,1996-08-16,11-Дек-96,84.34,84.95,84.34,125
723,22037-0309,1996-08-16,25-Дек-96,83.8,84.2,83.5,439
724,22036-1009,1996-08-16,11-Дек-96,86.9,87.1,86.5,80
725,22036-1709,1996-08-16,11-Дек-96,88.05,88.11,87.95,248
726,22038-0110,1996-08-16,08-Янв-97,86.31,86.38,86.09,398
727,22039-1510,1996-08-16,15-Янв-97,87.23,87.49,87.1,682
728,22040-2910,1996-08-16,29-Янв-97,87.49,87.51,85.0,90
729,22034-2008,1996-08-19,27-Ноя-96,85.45,85.44,85.44,13
730,22036-2708,1996-08-19,11-Дек-96,84.45,84.46,84.3,53
731,22037-0309,1996-08-19,25-Дек-96,84.44,84.45,84.22,138
732,22036-1009,1996-08-19,11-Дек-96,87.28,87.36,87.18,130
733,22036-1709,1996-08-19,11-Дек-96,88.6,88.75,88.5,496
734,22038-0110,1996-08-19,08-Янв-97,86.66,86.8,86.58,486
735,22039-1510,1996-08-19,15-Янв-97,87.54,87.6,87.5,347
736,22040-2910,1996-08-19,29-Янв-97,87.65,87.67,87.5,93
737,22036-2708,1996-08-20,11-Дек-96,84.7,85.3,84.25,4
738,22037-0309,1996-08-20,25-Дек-96,84.41,84.41,84.28,19
739,22036-1009,1996-08-20,11-Дек-96,87.17,87.21,87.2,4
740,22036-1709,1996-08-20,11-Дек-96,88.45,88.53,88.4,351
741,22038-0110,1996-08-20,08-Янв-97,86.6,86.65,86.55,248
742,22039-1510,1996-08-20,15-Янв-97,87.71,87.71,87.61,219
743,22040-2910,1996-08-20,29-Янв-97,87.98,87.98,87.8,129
744,22036-2708,1996-08-21,11-Дек-96,84.89,84.95,84.7,34
745,22037-0309,1996-08-21,25-Дек-96,84.61,84.7,84.56,245
746,22036-1009,1996-08-21,11-Дек-96,87.19,87.3,87.18,98
747,22036-1709,1996-08-21,11-Дек-96,88.45,88.48,88.4,73
748,22038-0110,1996-08-21,08-Янв-97,86.4,86.52,86.39,211
749,22039-1510,1996-08-21,15-Янв-97,87.45,87.6,87.35,220
750,22040-2910,1996-08-21,29-Янв-97,87.72,87.75,87.58,133
751,22036-2708,1996-08-22,11-Дек-96,85.09,84.89,84.89,2
752,22037-0309,1996-08-22,25-Дек-96,84.4,84.6,84.4,195
753,22036-1009,1996-08-22,11-Дек-96,86.88,87.0,86.88,126
754,22036-1709,1996-08-22,11-Дек-96,88.31,88.4,88.1,207
755,22038-0110,1996-08-22,08-Янв-97,86.26,86.31,86.2,352
756,22039-1510,1996-08-22,15-Янв-97,87.3,87.32,87.25,150
757,22040-2910,1996-08-22,29-Янв-97,87.78,87.78,87.7,56
758,22036-2708,1996-08-23,11-Дек-96,85.15,85.15,85.11,23
759,22037-0309,1996-08-23,25-Дек-96,84.55,84.56,84.49,73
760,22036-1009,1996-08-23,11-Дек-96,87.37,87.39,87.1,135
761,22036-1709,1996-08-23,11-Дек-96,88.59,88.84,88.55,290
762,22038-0110,1996-08-23,08-Янв-97,86.55,86.61,86.47,351
763,22039-1510,1996-08-23,15-Янв-97,87.52,87.58,87.5,628
764,22040-2910,1996-08-23,29-Янв-97,87.87,88.0,87.81,181
765,22036-2708,1996-08-26,11-Дек-96,85.4,85.55,85.4,645
766,22037-0309,1996-08-26,25-Дек-96,84.51,84.7,84.48,62
767,22036-1009,1996-08-26,11-Дек-96,87.29,87.3,87.11,60
768,22036-1709,1996-08-26,11-Дек-96,88.48,88.51,88.0,263
769,22038-0110,1996-08-26,08-Янв-97,86.53,86.6,86.4,358
770,22039-1510,1996-08-26,15-Янв-97,87.57,87.61,87.48,459
771,22040-2910,1996-08-26,29-Янв-97,87.78,87.83,87.78,72
772,22037-0309,1996-08-27,25-Дек-96,84.51,0.0,0.0,0
773,22036-1009,1996-08-27,11-Дек-96,87.41,87.42,87.32,21
774,22036-1709,1996-08-27,11-Дек-96,88.62,88.63,88.54,86
775,22038-0110,1996-08-27,08-Янв-97,86.72,86.72,86.6,358
776,22039-1510,1996-08-27,15-Янв-97,87.6,87.64,87.54,302
777,22040-2910,1996-08-27,29-Янв-97,87.9,87.9,87.7,217
778,22044-0511,1996-08-27,05-Мар-97,84.05,84.11,84.05,312
779,22037-0309,1996-08-28,25-Дек-96,84.46,84.48,84.46,777
780,22036-1009,1996-08-28,11-Дек-96,87.43,87.46,87.41,68
781,22036-1709,1996-08-28,11-Дек-96,88.61,88.63,88.61,17
782,22038-0110,1996-08-28,08-Янв-97,86.71,86.76,86.69,149
783,22039-1510,1996-08-28,15-Янв-97,87.7,87.72,87.61,374
784,22040-2910,1996-08-28,29-Янв-97,87.89,87.97,87.85,184
785,22044-0511,1996-08-28,05-Мар-97,83.97,83.97,83.9,9
786,22047-0511,1996-08-28,02-Апр-97,79.0,79.0,79.0,1
787,22037-0309,1996-08-29,25-Дек-96,84.04,84.05,84.0,69
788,22036-1009,1996-08-29,11-Дек-96,87.26,87.39,87.05,55
789,22036-1709,1996-08-29,11-Дек-96,88.24,88.4,88.15,250
790,22038-0110,1996-08-29,08-Янв-97,86.2,86.36,86.1,691
791,22039-1510,1996-08-29,15-Янв-97,87.27,87.31,87.2,655
792,22040-2910,1996-08-29,29-Янв-97,87.55,87.62,87.39,325
793,22044-0511,1996-08-29,05-Мар-97,83.97,0.0,0.0,0
794,22047-0511,1996-08-29,02-Апр-97,79.2,79.38,78.5,181
795,22037-0309,1996-08-30,25-Дек-96,84.11,84.12,84.11,21
796,22036-1009,1996-08-30,11-Дек-96,87.17,87.3,87.17,15
797,22036-1709,1996-08-30,11-Дек-96,88.1,88.3,88.1,117
798,22038-0110,1996-08-30,08-Янв-97,86.13,86.13,86.07,279
799,22039-1510,1996-08-30,15-Янв-97,87.28,87.29,87.2,357
800,22040-2910,1996-08-30,29-Янв-97,87.58,87.6,87.57,99
801,22044-0511,1996-08-30,05-Мар-97,83.9,83.99,83.89,60
802,22047-0511,1996-08-30,02-Апр-97,79.11,79.16,79.0,272
803,22037-0309,1996-09-02,25-Дек-96,84.38,84.41,84.38,119
804,22036-1009,1996-09-02,11-Дек-96,87.1,87.1,87.1,15
805,22036-1709,1996-09-02,11-Дек-96,88.15,88.3,88.15,144
806,22038-0110,1996-09-02,08-Янв-97,86.25,86.25,86.14,400
807,22039-1510,1996-09-02,15-Янв-97,87.39,87.4,87.37,209
808,22040-2910,1996-09-02,29-Янв-97,87.64,87.68,87.6,202
809,22044-0511,1996-09-02,05-Мар-97,84.03,84.1,84.0,17
810,22047-0511,1996-09-02,02-Апр-97,79.27,79.27,79.18,503
811,22036-1009,1996-09-03,11-Дек-96,86.85,86.71,86.85,4
812,22036-1709,1996-09-03,11-Дек-96,87.8,87.48,88.1,56
813,22038-0110,1996-09-03,08-Янв-97,85.86,85.86,86.35,186
814,22039-1510,1996-09-03,15-Янв-97,86.99,86.99,87.05,201
815,22040-2910,1996-09-03,29-Янв-97,87.25,87.19,87.45,63
816,22044-0511,1996-09-03,05-Мар-97,83.65,83.51,83.65,38
817,22047-0511,1996-09-03,02-Апр-97,78.86,78.7,78.87,214
818,22036-1009,1996-09-04,11-Дек-96,86.75,86.8,86.75,7
819,22036-1709,1996-09-04,11-Дек-96,87.75,87.81,87.75,67
820,22038-0110,1996-09-04,08-Янв-97,85.62,85.8,85.62,219
821,22039-0810,1996-09-04,15-Янв-97,86.0,0.0,0.0,0
822,22039-1510,1996-09-04,15-Янв-97,86.76,86.84,86.76,262
823,22040-2910,1996-09-04,29-Янв-97,87.15,87.15,87.05,103
824,22043-1911,1996-09-04,19-Фев-97,87.25,0.0,0.0,0
825,22044-0312,1996-09-04,05-Мар-97,87.25,0.0,0.0,0
826,22044-0511,1996-09-04,05-Мар-97,83.37,83.61,83.37,125
827,22045-1911,1996-09-04,19-Мар-97,83.65,0.0,0.0,0
828,22047-0312,1996-09-04,02-Апр-97,83.65,0.0,0.0,0
829,22047-0511,1996-09-04,02-Апр-97,78.62,78.65,78.56,217
830,22036-1009,1996-09-05,11-Дек-96,87.25,87.75,87.01,41
831,22036-1709,1996-09-05,11-Дек-96,88.34,88.4,88.3,182
832,22038-0110,1996-09-05,08-Янв-97,86.21,86.23,86.15,433
833,22039-0810,1996-09-05,15-Янв-97,86.0,86.0,85.95,30
834,22039-1510,1996-09-05,15-Янв-97,87.28,87.31,87.16,248
835,22040-2910,1996-09-05,29-Янв-97,87.55,87.65,87.51,340
836,22043-1911,1996-09-05,19-Фев-97,87.25,0.0,0.0,0
837,22044-0312,1996-09-05,05-Мар-97,87.25,0.0,0.0,0
838,22044-0511,1996-09-05,05-Мар-97,83.63,83.88,83.62,53
839,22045-1911,1996-09-05,19-Мар-97,83.65,0.0,0.0,0
840,22047-0312,1996-09-05,02-Апр-97,83.65,0.0,0.0,0
841,22047-0511,1996-09-05,02-Апр-97,79.03,79.03,78.85,459
842,22036-1009,1996-09-06,11-Дек-96,87.6,87.75,87.59,24
843,22036-1709,1996-09-06,11-Дек-96,88.39,88.5,88.34,123
844,22038-0110,1996-09-06,08-Янв-97,86.12,86.19,86.05,456
845,22039-0810,1996-09-06,15-Янв-97,86.0,0.0,0.0,0
846,22039-1510,1996-09-06,15-Янв-97,87.12,87.16,87.08,541
847,22040-2910,1996-09-06,29-Янв-97,87.32,87.36,87.25,161
848,22043-1911,1996-09-06,19-Фев-97,87.25,0.0,0.0,0
849,22044-0312,1996-09-06,05-Мар-97,87.15,87.15,87.15,10
850,22044-0511,1996-09-06,05-Мар-97,83.21,83.32,83.18,539
851,22045-1911,1996-09-06,19-Мар-97,83.65,0.0,0.0,0
852,22047-0312,1996-09-06,02-Апр-97,83.65,0.0,0.0,0
853,22047-0511,1996-09-06,02-Апр-97,78.54,78.6,78.5,838
854,22036-1009,1996-09-09,11-Дек-96,88.5,88.7,88.5,75
855,22036-1709,1996-09-09,11-Дек-96,88.96,89.0,88.7,234
856,22038-0110,1996-09-09,08-Янв-97,86.8,86.95,86.65,626
857,22039-0810,1996-09-09,15-Янв-97,86.45,86.45,86.35,102
858,22039-1510,1996-09-09,15-Янв-97,87.8,87.8,87.6,573
859,22040-2910,1996-09-09,29-Янв-97,88.07,88.08,87.83,440
860,22043-1911,1996-09-09,19-Фев-97,87.25,0.0,0.0,0
861,22044-0312,1996-09-09,05-Мар-97,87.4,87.4,87.4,2
862,22044-0511,1996-09-09,05-Мар-97,83.88,84.1,83.85,494
863,22045-1911,1996-09-09,19-Мар-97,83.65,0.0,0.0,0
864,22047-0312,1996-09-09,02-Апр-97,83.65,0.0,0.0,0
865,22047-0511,1996-09-09,02-Апр-97,78.8,79.0,78.8,323
866,22036-1009,1996-09-10,11-Дек-96,88.5,0.0,0.0,0
867,22036-1709,1996-09-10,11-Дек-96,89.55,89.8,89.54,69
868,22038-0110,1996-09-10,08-Янв-97,87.48,87.51,87.4,452
869,22039-0810,1996-09-10,15-Янв-97,87.38,87.39,87.2,207
870,22039-1510,1996-09-10,15-Янв-97,88.64,88.68,88.4,513
871,22040-2910,1996-09-10,29-Янв-97,88.99,89.01,88.8,365
872,22043-1911,1996-09-10,19-Фев-97,87.25,0.0,0.0,0
873,22044-0312,1996-09-10,05-Мар-97,88.5,88.5,88.5,2
874,22044-0511,1996-09-10,05-Мар-97,84.46,84.8,84.44,277
875,22045-1911,1996-09-10,19-Мар-97,83.65,0.0,0.0,0
876,22047-0312,1996-09-10,02-Апр-97,83.65,0.0,0.0,0
877,22047-0511,1996-09-10,02-Апр-97,79.55,79.9,79.49,587
878,22036-1009,1996-09-11,11-Дек-96,88.5,0.0,0.0,0
879,22036-1709,1996-09-11,11-Дек-96,89.62,89.85,89.61,27
880,22038-0110,1996-09-11,08-Янв-97,87.64,87.71,87.55,600
881,22039-0810,1996-09-11,15-Янв-97,87.69,87.75,87.45,143
882,22039-1510,1996-09-11,15-Янв-97,88.71,88.8,88.63,501
883,22040-2910,1996-09-11,29-Янв-97,88.95,89.1,88.9,308
884,22043-1911,1996-09-11,19-Фев-97,87.25,0.0,0.0,0
885,22044-0312,1996-09-11,05-Мар-97,88.7,88.7,88.6,18
886,22044-0511,1996-09-11,05-Мар-97,84.27,84.5,84.27,316
887,22045-1911,1996-09-11,19-Мар-97,83.65,0.0,0.0,0
888,22047-0312,1996-09-11,02-Апр-97,83.65,0.0,0.0,0
889,22047-0511,1996-09-11,02-Апр-97,79.82,79.88,79.5,830
890,22049-1911,1996-09-11,16-Апр-97,80.0,0.0,0.0,0
891,22036-1009,1996-09-12,11-Дек-96,88.5,0.0,0.0,0
892,22036-1709,1996-09-12,11-Дек-96,90.53,90.63,90.5,429
893,22038-0110,1996-09-12,08-Янв-97,88.55,88.9,88.55,346
894,22039-0810,1996-09-12,15-Янв-97,88.28,88.3,88.15,153
895,22039-1510,1996-09-12,15-Янв-97,89.42,89.7,89.34,482
896,22040-2910,1996-09-12,29-Янв-97,89.32,89.5,89.3,421
897,22043-1911,1996-09-12,19-Фев-97,87.25,0.0,0.0,0
898,22044-0312,1996-09-12,05-Мар-97,89.5,89.5,89.5,2
899,22044-0511,1996-09-12,05-Мар-97,84.75,85.9,84.62,614
900,22045-1911,1996-09-12,19-Мар-97,83.65,0.0,0.0,0
901,22047-0312,1996-09-12,02-Апр-97,83.65,0.0,0.0,0
902,22047-0511,1996-09-12,02-Апр-97,80.75,80.76,80.32,782
903,22049-1911,1996-09-12,16-Апр-97,80.0,0.0,0.0,0
904,22036-1709,1996-09-13,11-Дек-96,91.1,91.38,91.0,31
905,22038-0110,1996-09-13,08-Янв-97,88.81,89.0,88.72,865
906,22039-0810,1996-09-13,15-Янв-97,88.75,88.75,88.6,81
907,22039-1510,1996-09-13,15-Янв-97,89.91,89.93,89.68,471
908,22040-2910,1996-09-13,29-Янв-97,89.76,89.9,89.7,232
909,22043-1911,1996-09-13,19-Фев-97,87.25,0.0,0.0,0
910,22044-0312,1996-09-13,05-Мар-97,90.2,90.2,90.2,2
911,22044-0511,1996-09-13,05-Мар-97,85.7,85.7,85.4,500
912,22045-1911,1996-09-13,19-Мар-97,83.65,0.0,0.0,0
913,22047-0312,1996-09-13,02-Апр-97,84.7,84.7,84.7,10
914,22047-0511,1996-09-13,02-Апр-97,81.52,81.56,81.35,810
915,22049-1911,1996-09-13,16-Апр-97,80.0,0.0,0.0,0
916,22036-1709,1996-09-16,11-Дек-96,90.69,91.0,90.67,96
917,22038-0110,1996-09-16,08-Янв-97,88.63,88.7,88.62,433
918,22039-0810,1996-09-16,15-Янв-97,88.65,88.65,87.7,34
920,22040-2910,1996-09-16,29-Янв-97,89.64,89.71,89.55,482
921,22047-0511,1996-09-16,02-Апр-97,81.36,81.4,81.34,664
922,22044-0511,1996-09-16,05-Мар-97,85.52,85.6,85.51,754
923,22049-1911,1996-09-16,16-Апр-97,80.0,0.0,0.0,0
924,22045-1911,1996-09-16,19-Мар-97,83.65,0.0,0.0,0
925,22043-1911,1996-09-16,19-Фев-97,87.25,0.0,0.0,0
926,22044-0312,1996-09-16,05-Мар-97,89.95,90.0,89.9,36
927,22047-0312,1996-09-16,02-Апр-97,84.7,0.0,0.0,0
928,22038-0110,1996-09-17,08-Янв-97,88.7,88.9,88.71,1002
929,22039-0810,1996-09-17,15-Янв-97,88.95,88.99,88.97,5
930,22039-1510,1996-09-17,15-Янв-97,89.75,89.89,89.74,209
931,22040-2910,1996-09-17,29-Янв-97,89.81,89.86,89.7,367
932,22044-0511,1996-09-17,05-Мар-97,85.82,85.89,85.75,351
933,22047-0511,1996-09-17,02-Апр-97,81.94,82.01,81.7,496
934,22049-1911,1996-09-17,16-Апр-97,80.0,0.0,0.0,0
935,22045-1911,1996-09-17,19-Мар-97,83.65,0.0,0.0,0
936,22043-1911,1996-09-17,19-Фев-97,87.25,0.0,0.0,0
937,22047-0312,1996-09-17,02-Апр-97,84.7,0.0,0.0,0
938,22044-0312,1996-09-17,05-Мар-97,89.95,0.0,0.0,0
939,22038-0110,1996-09-18,08-Янв-97,88.71,88.73,88.6,541
940,22039-0810,1996-09-18,15-Янв-97,88.75,88.8,88.75,26
941,22039-1510,1996-09-18,15-Янв-97,89.97,89.97,89.77,267
942,22040-2910,1996-09-18,29-Янв-97,89.94,90.03,89.94,283
943,22044-0511,1996-09-18,05-Мар-97,85.7,85.85,85.62,958
944,22047-0511,1996-09-18,02-Апр-97,81.77,81.8,81.64,643
945,22049-1911,1996-09-18,16-Апр-97,80.0,0.0,0.0,0
946,22045-1911,1996-09-18,19-Мар-97,83.65,0.0,0.0,0
947,22043-1911,1996-09-18,19-Фев-97,87.25,0.0,0.0,0
948,22047-0312,1996-09-18,02-Апр-97,84.7,0.0,0.0,0
949,22044-0312,1996-09-18,05-Мар-97,89.95,0.0,0.0,0
950,22038-0110,1996-09-19,08-Янв-97,88.91,89.0,88.8,222
951,22039-0810,1996-09-19,15-Янв-97,89.0,89.0,88.9,35
952,22039-1510,1996-09-19,15-Янв-97,90.05,90.15,90.02,192
953,22040-2910,1996-09-19,29-Янв-97,90.02,90.1,90.0,220
954,22044-0511,1996-09-19,05-Мар-97,85.91,86.0,85.88,829
955,22047-0511,1996-09-19,02-Апр-97,82.04,82.2,82.0,898
956,22049-1911,1996-09-19,16-Апр-97,80.0,0.0,0.0,0
957,22045-1911,1996-09-19,19-Мар-97,83.65,0.0,0.0,0
958,22043-1911,1996-09-19,19-Фев-97,87.25,0.0,0.0,0
959,22047-0312,1996-09-19,02-Апр-97,84.7,0.0,0.0,0
960,22044-0312,1996-09-19,05-Мар-97,89.95,0.0,0.0,0
961,22038-0110,1996-09-20,08-Янв-97,88.7,88.81,88.7,101
962,22039-0810,1996-09-20,15-Янв-97,88.7,88.7,88.7,5
963,22039-1510,1996-09-20,15-Янв-97,89.76,89.83,89.75,435
964,22040-2910,1996-09-20,29-Янв-97,89.85,89.88,89.75,253
965,22044-0511,1996-09-20,05-Мар-97,85.67,85.75,85.65,521
966,22047-0511,1996-09-20,02-Апр-97,81.82,81.86,81.75,804
967,22049-1911,1996-09-20,16-Апр-97,80.0,0.0,0.0,4
968,22045-1911,1996-09-20,19-Мар-97,83.65,0.0,0.0,0
969,22043-1911,1996-09-20,19-Фев-97,87.25,0.0,0.0,0
970,22047-0312,1996-09-20,02-Апр-97,84.7,0.0,0.0,0
971,22044-0312,1996-09-20,05-Мар-97,89.55,89.39,89.3,2
972,22038-0110,1996-09-23,08-Янв-97,87.2,87.0,86.8,188
973,22039-0810,1996-09-23,15-Янв-97,87.2,87.1,86.8,134
974,22039-1510,1996-09-23,15-Янв-97,88.26,88.3,87.9,121
975,22040-2910,1996-09-23,29-Янв-97,88.35,88.1,87.65,737
976,22044-0511,1996-09-23,05-Мар-97,84.17,84.1,83.78,780
977,22047-0511,1996-09-23,02-Апр-97,80.32,80.22,79.95,1241
978,22049-1911,1996-09-23,16-Апр-97,80.0,0.0,0.0,0
979,22045-1911,1996-09-23,19-Мар-97,83.65,0.0,0.0,0
980,22043-1911,1996-09-23,19-Фев-97,87.25,0.0,0.0,0
981,22047-0312,1996-09-23,02-Апр-97,84.7,0.0,0.0,0
982,22044-0312,1996-09-23,05-Мар-97,88.05,87.9,87.81,4
983,22038-0110,1996-09-24,08-Янв-97,84.95,86.99,84.9,58
984,22039-0810,1996-09-24,15-Янв-97,85.1,85.05,85.0,49
985,22039-1510,1996-09-24,15-Янв-97,86.6,86.73,86.0,482
986,22040-2910,1996-09-24,29-Янв-97,87.0,87.1,86.75,299
987,22044-0511,1996-09-24,05-Мар-97,82.35,82.6,82.0,812
988,22047-0511,1996-09-24,02-Апр-97,78.46,80.32,77.87,744
989,22049-1911,1996-09-24,16-Апр-97,80.0,0.0,0.0,0
990,22045-1911,1996-09-24,19-Мар-97,83.65,0.0,0.0,0
991,22043-1911,1996-09-24,19-Фев-97,87.25,0.0,0.0,36
992,22047-0312,1996-09-24,02-Апр-97,83.7,84.0,83.7,10
993,22044-0312,1996-09-24,05-Мар-97,88.05,0.0,0.0,0
994,22038-0110,1996-09-25,08-Янв-97,85.4,85.71,85.3,327
995,22039-0810,1996-09-25,15-Янв-97,86.46,86.55,86.28,81
996,22039-1510,1996-09-25,15-Янв-97,87.73,87.9,87.65,494
997,22040-2910,1996-09-25,29-Янв-97,87.97,88.01,87.8,297
998,22044-0511,1996-09-25,05-Мар-97,83.41,83.45,83.0,476
999,22047-0511,1996-09-25,02-Апр-97,79.87,79.99,79.67,587
1000,22049-1911,1996-09-25,16-Апр-97,80.0,0.0,0.0,0
1001,22045-1911,1996-09-25,19-Мар-97,83.65,0.0,0.0,0
1002,22043-1911,1996-09-25,19-Фев-97,87.25,0.0,0.0,0
1003,22047-0312,1996-09-25,02-Апр-97,83.7,0.0,0.0,0
1004,22044-0312,1996-09-25,05-Мар-97,87.0,86.2,86.2,2
1005,22038-0110,1996-09-26,08-Янв-97,86.15,86.4,86.15,183
1006,22039-0810,1996-09-26,15-Янв-97,86.94,86.95,86.71,95
1007,22039-1510,1996-09-26,15-Янв-97,88.49,88.52,87.75,558
1008,22040-2910,1996-09-26,29-Янв-97,88.71,88.8,88.7,606
1009,22044-0511,1996-09-26,05-Мар-97,84.5,84.6,84.2,767
1010,22047-0511,1996-09-26,02-Апр-97,80.55,80.89,80.52,764
1011,22049-1911,1996-09-26,16-Апр-97,80.0,0.0,0.0,0
1012,22045-1911,1996-09-26,19-Мар-97,83.65,0.0,0.0,0
1013,22043-1911,1996-09-26,19-Фев-97,87.25,0.0,0.0,0
1014,22047-0312,1996-09-26,02-Апр-97,83.7,0.0,0.0,0
1015,22044-0312,1996-09-26,05-Мар-97,87.8,89.01,87.8,3
1016,22038-0110,1996-09-27,08-Янв-97,87.65,88.1,87.92,265
1017,22039-0810,1996-09-27,15-Янв-97,88.33,88.35,88.29,52
1018,22039-1510,1996-09-27,15-Янв-97,89.35,89.6,89.15,452
1019,22040-2910,1996-09-27,29-Янв-97,89.4,89.41,89.2,285
1020,22044-0511,1996-09-27,05-Мар-97,85.49,85.54,84.9,1138
1021,22047-0511,1996-09-27,02-Апр-97,81.43,81.55,81.31,965
1022,22049-1911,1996-09-27,16-Апр-97,80.0,0.0,0.0,0
1023,22045-1911,1996-09-27,19-Мар-97,83.65,0.0,0.0,0
1024,22043-1911,1996-09-27,19-Фев-97,87.25,0.0,0.0,0
1025,22047-0312,1996-09-27,02-Апр-97,83.7,0.0,0.0,0
1026,22044-0312,1996-09-27,05-Мар-97,87.8,0.0,0.0,0
1027,22038-0110,1996-09-30,08-Янв-97,86.6,87.46,86.6,28
1028,22039-0810,1996-09-30,15-Янв-97,87.46,87.46,87.1,36
1029,22039-1510,1996-09-30,15-Янв-97,88.22,88.6,88.19,443
1030,22040-2910,1996-09-30,29-Янв-97,88.02,88.3,88.0,314
1031,22044-0511,1996-09-30,05-Мар-97,84.05,85.49,83.99,755
1032,22047-0511,1996-09-30,02-Апр-97,80.32,81.43,80.05,777
1033,22049-1911,1996-09-30,16-Апр-97,80.0,0.0,0.0,0
1034,22045-1911,1996-09-30,19-Мар-97,83.65,0.0,0.0,0
1035,22043-1911,1996-09-30,19-Фев-97,87.25,0.0,0.0,0
1036,22047-0312,1996-09-30,02-Апр-97,83.7,0.0,0.0,0
1037,22044-0312,1996-09-30,05-Мар-97,87.2,87.8,87.2,2
1038,22038-0110,1996-10-01,08-Янв-97,86.6,0.0,0.0,0
1039,22039-0810,1996-10-01,15-Янв-97,87.46,0.0,0.0,152
1040,22039-1510,1996-10-01,15-Янв-97,88.56,88.56,88.2,80
1041,22040-2910,1996-10-01,29-Янв-97,88.91,88.91,88.63,261
1042,22044-0511,1996-10-01,05-Мар-97,84.9,85.03,84.78,722
1043,22047-0511,1996-10-01,02-Апр-97,81.08,81.13,80.85,765
1044,22049-1911,1996-10-01,16-Апр-97,80.0,0.0,0.0,0
1045,22045-1911,1996-10-01,19-Мар-97,83.65,0.0,0.0,0
1046,22043-1911,1996-10-01,19-Фев-97,87.25,0.0,0.0,0
1047,22047-0312,1996-10-01,02-Апр-97,83.7,0.0,0.0,0
1048,22044-0312,1996-10-01,05-Мар-97,87.2,0.0,0.0,0
1049,22038-0110,1996-10-02,08-Янв-97,86.6,0.0,0.0,0
1050,22039-0810,1996-10-02,15-Янв-97,87.89,88.3,87.9,60
1051,22039-1510,1996-10-02,15-Янв-97,88.75,88.81,88.51,257
1052,22040-2910,1996-10-02,29-Янв-97,89.0,89.12,88.95,280
1053,22044-0511,1996-10-02,05-Мар-97,85.28,85.33,84.99,754
1054,22047-0511,1996-10-02,02-Апр-97,81.5,81.6,81.3,1122
1055,22049-1911,1996-10-02,16-Апр-97,80.0,0.0,0.0,0
1056,22045-1911,1996-10-02,19-Мар-97,83.65,0.0,0.0,0
1057,22043-1911,1996-10-02,19-Фев-97,87.25,0.0,0.0,0
1058,22047-0312,1996-10-02,02-Апр-97,83.7,0.0,0.0,0
1059,22044-0312,1996-10-02,05-Мар-97,88.5,88.5,88.5,2
1060,22039-0810,1996-10-03,15-Янв-97,88.05,88.05,88.05,31
1061,22039-1510,1996-10-03,15-Янв-97,88.75,88.95,88.7,205
1062,22040-2910,1996-10-03,29-Янв-97,88.85,88.92,88.84,310
1063,22044-0511,1996-10-03,05-Мар-97,85.2,85.48,84.99,697
1064,22047-0511,1996-10-03,02-Апр-97,81.35,81.5,81.34,900
1065,22049-1911,1996-10-03,16-Апр-97,80.0,0.0,0.0,0
1066,22045-1911,1996-10-03,19-Мар-97,83.65,0.0,0.0,0
1067,22043-1911,1996-10-03,19-Фев-97,87.25,0.0,0.0,0
1068,22047-0312,1996-10-03,02-Апр-97,83.7,0.0,0.0,0
1069,22044-0312,1996-10-03,05-Мар-97,88.05,88.0,88.0,1
1070,22039-0810,1996-10-04,15-Янв-97,87.45,87.6,87.45,27
1071,22039-1510,1996-10-04,15-Янв-97,88.22,88.45,88.11,283
1072,22040-2910,1996-10-04,29-Янв-97,88.41,88.42,88.2,459
1073,22044-0511,1996-10-04,05-Мар-97,84.63,84.67,84.55,1593
1074,22047-0511,1996-10-04,02-Апр-97,80.77,81.02,80.7,1926
1075,22049-1911,1996-10-04,16-Апр-97,80.0,0.0,0.0,0
1076,22045-1911,1996-10-04,19-Мар-97,83.65,0.0,0.0,0
1077,22043-1911,1996-10-04,19-Фев-97,87.25,0.0,0.0,0
1078,22047-0312,1996-10-04,02-Апр-97,83.7,0.0,0.0,0
1079,22044-0312,1996-10-04,05-Мар-97,88.05,88.05,88.05,1
1080,22039-0810,1996-10-07,15-Янв-97,88.35,88.35,88.01,135
1081,22039-1510,1996-10-07,15-Янв-97,89.07,89.18,89.02,417
1082,22040-2910,1996-10-07,29-Янв-97,89.2,89.41,88.41,763
1083,22044-0511,1996-10-07,05-Мар-97,85.29,85.45,85.2,815
1084,22047-0511,1996-10-07,02-Апр-97,81.34,81.5,81.3,1234
1085,22049-1911,1996-10-07,16-Апр-97,80.0,0.0,0.0,0
1086,22045-1911,1996-10-07,19-Мар-97,84.0,84.0,84.0,2
1087,22043-1911,1996-10-07,19-Фев-97,88.75,89.7,89.7,2
1088,22047-0312,1996-10-07,02-Апр-97,83.7,0.0,0.0,0
1089,22044-0312,1996-10-07,05-Мар-97,88.05,0.0,0.0,0
1090,22039-1510,1996-10-08,15-Янв-97,89.78,92.07,86.07,285
1091,22040-2910,1996-10-08,29-Янв-97,90.1,90.13,89.98,424
1092,22044-0511,1996-10-08,05-Мар-97,86.48,86.49,86.2,826
1093,22047-0511,1996-10-08,02-Апр-97,82.59,82.91,78.34,1318
1094,22049-1911,1996-10-08,16-Апр-97,82.5,82.5,82.5,2
1095,22043-1911,1996-10-08,19-Фев-97,88.75,0.0,0.0,0
1096,22045-1911,1996-10-08,19-Мар-97,84.0,0.0,0.0,0
1097,22047-0312,1996-10-08,02-Апр-97,86.42,86.4,86.4,10
1098,22044-0312,1996-10-08,05-Мар-97,89.55,90.1,90.0,149
1099,22039-1510,1996-10-09,15-Янв-97,90.2,90.25,90.13,340
1100,22040-2910,1996-10-09,29-Янв-97,90.4,90.5,90.23,260
1101,22044-0511,1996-10-09,05-Мар-97,86.8,86.88,86.76,678
1102,22047-0511,1996-10-09,02-Апр-97,82.84,82.91,82.75,931
1103,22049-1911,1996-10-09,16-Апр-97,82.5,0.0,0.0,0
1104,22043-1911,1996-10-09,19-Фев-97,88.75,0.0,0.0,0
1105,22045-1911,1996-10-09,19-Мар-97,84.0,0.0,0.0,0
1106,22047-0312,1996-10-09,02-Апр-97,87.0,87.0,86.74,286
1107,22044-0312,1996-10-09,05-Мар-97,90.48,90.48,90.44,3
1108,22039-1510,1996-10-10,15-Янв-97,90.25,90.2,89.9,63
1109,22040-2910,1996-10-10,29-Янв-97,90.0,90.35,90.0,44
1110,22044-0511,1996-10-10,05-Мар-97,86.24,86.48,86.1,645
1111,22047-0511,1996-10-10,02-Апр-97,82.47,82.6,82.41,1702
1112,22049-1911,1996-10-10,16-Апр-97,82.5,0.0,0.0,0
1113,22043-1911,1996-10-10,19-Фев-97,88.75,0.0,0.0,0
1114,22045-1911,1996-10-10,19-Мар-97,84.0,0.0,0.0,0
1115,22047-0312,1996-10-10,02-Апр-97,86.51,86.8,86.51,168
1116,22044-0312,1996-10-10,05-Мар-97,90.3,90.3,90.17,28
1117,22039-1510,1996-10-11,15-Янв-97,90.38,90.4,90.35,94
1118,22040-2910,1996-10-11,29-Янв-97,90.27,90.28,90.06,125
1119,22044-0511,1996-10-11,05-Мар-97,86.51,86.99,86.46,805
1120,22047-0511,1996-10-11,02-Апр-97,82.82,82.91,82.69,1671
1121,22049-1911,1996-10-11,16-Апр-97,82.45,82.45,82.45,1
1122,22043-1911,1996-10-11,19-Фев-97,88.75,0.0,0.0,0
1123,22045-1911,1996-10-11,19-Мар-97,84.0,0.0,0.0,0
1124,22047-0312,1996-10-11,02-Апр-97,86.35,86.61,86.35,254
1125,22044-0312,1996-10-11,05-Мар-97,90.22,90.5,90.22,270
1126,22039-1510,1996-10-14,15-Янв-97,90.8,90.89,90.8,32
1127,22040-2910,1996-10-14,29-Янв-97,90.45,90.55,90.4,31
1128,22044-0511,1996-10-14,05-Мар-97,86.79,86.91,86.78,485
1129,22047-0511,1996-10-14,02-Апр-97,83.15,83.2,83.0,1349
1130,22049-1911,1996-10-14,16-Апр-97,82.45,0.0,0.0,0
1131,22043-1911,1996-10-14,19-Фев-97,88.75,0.0,0.0,0
1132,22045-1911,1996-10-14,19-Мар-97,84.0,0.0,0.0,0
1133,22047-0312,1996-10-14,02-Апр-97,86.5,86.5,86.2,580
1134,22044-0312,1996-10-14,05-Мар-97,90.08,90.99,90.01,203
1135,22040-2910,1996-10-15,29-Янв-97,89.98,90.01,89.97,33
1136,22044-0511,1996-10-15,05-Мар-97,86.35,86.5,86.34,390
1137,22047-0511,1996-10-15,02-Апр-97,82.78,82.82,82.75,1333
1138,22049-1911,1996-10-15,16-Апр-97,82.9,83.8,82.31,112
1139,22045-1911,1996-10-15,19-Мар-97,85.01,86.49,85.01,44
1140,22043-1911,1996-10-15,19-Фев-97,88.75,0.0,0.0,0
1141,22047-0312,1996-10-15,02-Апр-97,86.1,86.15,86.0,238
1142,22044-0312,1996-10-15,05-Мар-97,89.6,89.78,89.6,98
1143,22051-2412,1996-10-15,21-Май-97,82.45,82.89,82.45,49
1144,22040-2910,1996-10-16,29-Янв-97,89.36,89.39,89.37,91
1145,22044-0511,1996-10-16,05-Мар-97,85.54,85.65,85.49,553
1146,22047-0511,1996-10-16,02-Апр-97,82.2,82.25,82.0,966
1147,22049-1911,1996-10-16,16-Апр-97,82.9,0.0,0.0,0
1148,22045-1911,1996-10-16,19-Мар-97,86.51,88.01,82.01,32
1149,22043-1911,1996-10-16,19-Фев-97,88.75,0.0,0.0,0
1150,22047-0312,1996-10-16,02-Апр-97,85.5,85.75,85.49,722
1151,22044-0312,1996-10-16,05-Мар-97,89.04,89.2,88.58,170
1152,22051-2412,1996-10-16,21-Май-97,82.09,82.1,82.1,8
1153,22040-2910,1996-10-17,29-Янв-97,89.51,89.5,89.3,12
1154,22044-0511,1996-10-17,05-Мар-97,86.09,86.4,85.85,722
1155,22047-0511,1996-10-17,02-Апр-97,82.76,83.15,82.66,1051
1156,22049-1911,1996-10-17,16-Апр-97,82.9,0.0,0.0,0
1157,22045-1911,1996-10-17,19-Мар-97,87.0,0.0,0.0,0
1158,22043-1911,1996-10-17,19-Фев-97,88.75,0.0,0.0,0
1159,22047-0312,1996-10-17,02-Апр-97,85.93,86.05,85.9,392
1160,22044-0312,1996-10-17,05-Мар-97,89.54,89.66,89.45,210
1161,22051-2412,1996-10-17,21-Май-97,82.56,82.56,82.47,46
1162,22040-2910,1996-10-18,29-Янв-97,89.1,89.15,89.0,11
1163,22044-0511,1996-10-18,05-Мар-97,85.6,85.67,85.5,317
1164,22047-0511,1996-10-18,02-Апр-97,82.52,82.6,82.26,929
1165,22049-1911,1996-10-18,16-Апр-97,82.9,0.0,0.0,0
1166,22045-1911,1996-10-18,19-Мар-97,87.0,0.0,0.0,0
1167,22043-1911,1996-10-18,19-Фев-97,88.75,0.0,0.0,0
1168,22047-0312,1996-10-18,02-Апр-97,85.55,85.78,85.5,262
1169,22044-0312,1996-10-18,05-Мар-97,89.15,89.4,89.15,356
1170,22051-2412,1996-10-18,21-Май-97,82.27,82.29,82.25,9
1171,22040-2910,1996-10-21,29-Янв-97,88.94,88.98,88.8,93
1172,22044-0511,1996-10-21,05-Мар-97,85.45,85.59,85.38,725
1173,22047-0511,1996-10-21,02-Апр-97,82.24,82.36,82.2,714
1174,22049-1911,1996-10-21,16-Апр-97,82.9,0.0,0.0,0
1175,22045-1911,1996-10-21,19-Мар-97,87.0,0.0,0.0,0
1176,22043-1911,1996-10-21,19-Фев-97,88.75,0.0,0.0,0
1177,22047-0312,1996-10-21,02-Апр-97,85.35,85.35,85.3,247
1178,22044-0312,1996-10-21,05-Мар-97,88.95,88.98,88.85,225
1179,22051-2412,1996-10-21,21-Май-97,82.27,82.27,82.2,95
1180,22040-2910,1996-10-22,29-Янв-97,89.36,89.36,89.2,69
1181,22044-0511,1996-10-22,05-Мар-97,85.62,85.75,85.6,480
1182,22047-0511,1996-10-22,02-Апр-97,82.59,82.64,82.43,534
1183,22049-1911,1996-10-22,16-Апр-97,82.9,0.0,0.0,0
1184,22045-1911,1996-10-22,19-Мар-97,87.0,0.0,0.0,0
1185,22043-1911,1996-10-22,19-Фев-97,88.75,0.0,0.0,0
1186,22047-0312,1996-10-22,02-Апр-97,85.83,85.82,85.55,451
1187,22044-0312,1996-10-22,05-Мар-97,89.2,89.34,89.16,370
1188,22051-2412,1996-10-22,21-Май-97,82.74,82.74,82.63,178
1189,22040-2910,1996-10-23,29-Янв-97,89.36,89.35,89.25,72
1190,22044-0511,1996-10-23,05-Мар-97,85.8,85.82,85.61,468
1191,22047-0511,1996-10-23,02-Апр-97,82.74,82.85,82.73,613
1192,22049-1911,1996-10-23,16-Апр-97,82.9,0.0,0.0,0
1193,22045-1911,1996-10-23,19-Мар-97,87.0,0.0,0.0,0
1194,22043-1911,1996-10-23,19-Фев-97,88.75,0.0,0.0,0
1195,22047-0312,1996-10-23,02-Апр-97,85.81,85.93,85.75,287
1196,22044-0312,1996-10-23,05-Мар-97,89.43,89.45,89.35,250
1197,22051-2412,1996-10-23,21-Май-97,82.55,82.8,82.55,325
1198,22040-2910,1996-10-24,29-Янв-97,89.25,89.28,88.25,21
1199,22044-0511,1996-10-24,05-Мар-97,85.65,85.68,85.59,545
1200,22047-0511,1996-10-24,02-Апр-97,82.55,82.6,82.34,415
1201,22049-1911,1996-10-24,16-Апр-97,82.9,0.0,0.0,0
1202,22045-1911,1996-10-24,19-Мар-97,87.0,0.0,0.0,0
1203,22043-1911,1996-10-24,19-Фев-97,88.75,0.0,0.0,0
1204,22047-0312,1996-10-24,02-Апр-97,85.66,85.69,85.58,583
1205,22044-0312,1996-10-24,05-Мар-97,89.19,89.23,89.14,294
1206,22051-2412,1996-10-24,21-Май-97,82.37,82.45,82.35,305
1207,22040-2910,1996-10-25,29-Янв-97,89.11,89.15,89.0,5
1208,22044-0511,1996-10-25,05-Мар-97,85.41,85.46,85.35,295
1209,22047-0511,1996-10-25,02-Апр-97,82.31,82.35,82.28,712
1210,22049-1911,1996-10-25,16-Апр-97,82.9,0.0,0.0,0
1211,22045-1911,1996-10-25,19-Мар-97,87.0,0.0,0.0,0
1212,22043-1911,1996-10-25,19-Фев-97,88.75,0.0,0.0,0
1213,22047-0312,1996-10-25,02-Апр-97,85.66,85.66,85.59,542
1214,22044-0312,1996-10-25,05-Мар-97,89.2,89.21,88.95,444
1215,22051-2412,1996-10-25,21-Май-97,82.28,82.41,82.28,402
1216,22040-2910,1996-10-28,29-Янв-97,89.43,89.43,89.35,4
1217,22044-0511,1996-10-28,05-Мар-97,85.42,85.49,85.36,225
1218,22047-0511,1996-10-28,02-Апр-97,82.25,82.35,82.21,797
1219,22049-1911,1996-10-28,16-Апр-97,82.9,0.0,0.0,0
1220,22045-1911,,01-янв-00,1.0,0.0,0.0,0
1221,22043-1911,,01-янв-00,88.75,0.0,0.0,6
1222,22047-0312,,01-янв-00,85.63,85.64,85.59,572
1223,22044-0312,1996-10-28,05-Мар-97,89.28,89.3,89.14,684
1224,22051-2412,,01-янв-00,82.27,82.43,82.23,414
1225,22040-2910,1996-10-29,29-Янв-97,89.43,0.0,0.0,0
1226,22044-0511,1996-10-29,05-Мар-97,85.2,85.3,85.15,166
1227,22047-0511,1996-10-29,02-Апр-97,81.84,81.9,81.7,173
1228,22049-1911,1996-10-29,16-Апр-97,82.9,0.0,0.0,0
1229,22045-1911,1996-10-29,19-Мар-97,87.0,0.0,0.0,0
1230,22043-1911,1996-10-29,19-Фев-97,88.75,0.0,0.0,0
1231,22047-0312,1996-10-29,02-Апр-97,85.27,85.29,85.24,413
1232,22044-0312,1996-10-29,05-Мар-97,88.95,89.0,88.8,644
1233,22051-2412,,01-янв-00,81.97,81.0,81.94,283
1234,22052-1401,,01-янв-00,85.37,85.99,85.44,8
1235,22044-0511,1996-10-30,05-Мар-97,85.22,85.27,85.21,145
1236,22047-0511,,01-янв-00,81.91,81.96,81.85,738
1237,22049-1911,1996-10-30,16-Апр-97,82.9,0.0,0.0,0
1239,22045-1911,,01-янв-00,87.0,0.0,0.0,0
1240,22044-0312,,01-янв-00,89.11,89.14,89.04,1055
1241,22047-0312,1996-10-30,02-Апр-97,85.33,85.4,85.3,522
1242,22051-2412,1996-10-30,21-Май-97,82.01,82.08,82.01,269
1243,22052-1401,1996-10-30,14-Май-97,85.47,85.51,85.45,36
1245,11111-1111,,01-янв-00,1.2222,1.222,4444.0,1
1246,11111-1111,,01-янв-00,1234.0,1.02345,6.0,565655656
1248,11111-1111,,01-янв-00,53333.0,111.0,111.0,111
1254,22222-2222,,20-ноя-24,1.0,1.0,1.0,1
1255,77777-7777,,02-янв-00,1.0,1.0,1.0,1
1256,-,,21-ноя-25,1.0,1.0,1.0,1
1257,22222-2222,,20-ноя-24,1.0,1.0,1.0,1
