"torg_date","name","day_end","quotation","min_quot","max_quot","num_contr"
"05-Feb-96","21057-1602","17-Apr-96","91.11","91.05","91.11","23"
"05-Feb-96","22020-1602","10-Jul-96","79.11","79.03","79.11","209"
"05-Feb-96","22020-1503","10-Jul-96","83","83","83","10"
"05-Feb-96","22020-1904","10-Jul-96","88","88","88","48"
"06-Feb-96","21057-1602","17-Apr-96","91.27","91.19","91.27","165"
"06-Feb-96","22020-1602","10-Jul-96","79.4","79.4","79.41","93"
"06-Feb-96","22020-1503","10-Jul-96","83","83","83","0"
"06-Feb-96","22020-1904","10-Jul-96","89.9","89.9","89.9","1"
"07-Feb-96","21057-1602","17-Apr-96","91.16","91.16","91.2","135"
"07-Feb-96","22020-1602","10-Jul-96","79.27","79.25","79.3","229"
"07-Feb-96","22020-1503","10-Jul-96","83","83","83","0"
"07-Feb-96","22020-1904","10-Jul-96","89.8","87.9","87.9","200"
"08-Feb-96","21057-1602","17-Apr-96","91.68","91.55","91.55","42"
"08-Feb-96","22020-1602","10-Jul-96","79.85","79.85","79.88","177"
"08-Feb-96","22020-1503","10-Jul-96","83.5","83.5","83.5","210"
"08-Feb-96","22020-1904","10-Jul-96","90.3","89.8","89.8","320"
"09-Feb-96","21057-1602","17-Apr-96","91.63","91.63","91.63","10"
"09-Feb-96","22020-1602","10-Jul-96","79.81","79.81","79.81","132"
"09-Feb-96","22020-1503","10-Jul-96","83.2","83.2","83.2","12"
"09-Feb-96","22020-1904","10-Jul-96","90.3","90.3","90.3","17"
"12-Feb-96","21057-1602","17-Apr-96","91.53","91.53","91.53","16"
"12-Feb-96","22020-1602","10-Jul-96","79.85","79.8","79.8","10"
"12-Feb-96","22020-1503","10-Jul-96","83.2","83.2","83.2","0"
"12-Feb-96","22020-1904","10-Jul-96","90.3","90.3","90.3","0"
"13-Feb-96","21057-1602","17-Apr-96","91.51","91.5","91.51","47"
"13-Feb-96","22020-1602","10-Jul-96","79.95","79.94","79.94","198"
"13-Feb-96","22020-1503","10-Jul-96","83.2","83.2","83.2","0"
"13-Feb-96","22020-1904","10-Jul-96","89","89","89","10"
"14-Feb-96","21057-1602","17-Apr-96","91.61","91.59","91.65","148"
"14-Feb-96","22020-1602","10-Jul-96","80.21","80.2","80.2","36"
"14-Feb-96","22020-1503","10-Jul-96","83.2","83.2","83.2","0"
"14-Feb-96","22020-1904","10-Jul-96","89","89","89","0"
"15-Feb-96","21057-1602","17-Apr-96","91.41","91.4","91.42","57"
"15-Feb-96","22020-1602","10-Jul-96","79.56","79.56","79.56","110"
"16-Feb-96","21058-1503","30-Apr-96","92.7","92.7","92.7","58"
"19-Feb-96","21058-1503","30-Apr-96","92.7","0","0","0"
"20-Feb-96","21058-1503","30-Apr-96","94.7","0","9.47","100"
"20-Feb-96","22020-1503","10-Jul-96","83.2","0","8.32","26"
"21-Feb-96","21058-1503","30-Apr-96","93.9","0","0","120"
"21-Feb-96","22020-1503","10-Jul-96","83.2","0","0","0"
"21-Feb-96","22020-1904","10-Jul-96","90.5","90.5","91","26"
"23-Feb-96","21058-1503","30-Apr-96","94.95","94.95","94.95","6"
"23-Feb-96","22020-1904","10-Jul-96","89","89","89","2"
"26-Feb-96","21058-1503","30-Apr-96","94.98","94.7","94.95","411"
"26-Feb-96","21058-2903","30-Apr-96","96.95","96.95","96.95","3"
"26-Feb-96","22020-1904","10-Jul-96","89.91","89.91","89.91","2"
"27-Feb-96","21058-1503","30-Apr-96","94.8","94.8","94.8","160"
"27-Feb-96","21058-2903","30-Apr-96","96.95","96.95","96.95","30"
"27-Feb-96","22021-2903","14-Aug-96","82","82","82","15"
"28-Feb-96","21058-1503","30-Apr-96","94.96","94.92","94.97","179"
"28-Feb-96","22020-1503","10-Jul-96","83.2","0","0","0"
"28-Feb-96","21058-2903","30-Apr-96","96.96","96.96","96.96","3"
"28-Feb-96","22021-2903","14-Aug-96","82","0","0","0"
"28-Feb-96","22020-1904","10-Jul-96","90.41","90.41","90.41","272"
"29-Feb-96","21058-1503","30-Apr-96","94.25","94.1","94.4","661"
"29-Feb-96","22020-1503","10-Jul-96","83.1","83.1","83.1","12"
"29-Feb-96","21058-2903","30-Apr-96","96.21","96.21","96.21","2"
"29-Feb-96","22021-2903","14-Aug-96","81.8","81.8","81.8","208"
"29-Feb-96","22020-1904","10-Jul-96","90.41","90.41","90.41","0"
"01-Mar-96","21058-1503","30-Apr-96","94.11","94.11","94.11","5"
"01-Mar-96","22020-1503","10-Jul-96","83.5","83.5","83.5","10"
"01-Mar-96","21058-2903","30-Apr-96","96.24","96.24","96.24","5"
"01-Mar-96","22021-2903","14-Aug-96","81","79.8","82.8","330"
"01-Mar-96","22020-1904","10-Jul-96","90.43","89.51","92.41","56"
"04-Mar-96","21058-1503","30-Apr-96","94.05","0","0","183"
"04-Mar-96","22020-1503","10-Jul-96","83.5","83.5","83.5","0"
"04-Mar-96","21058-2903","30-Apr-96","96.51","94.24","98.24","776"
"04-Mar-96","22021-2903","14-Aug-96","81.5","0","0","1"
"04-Mar-96","22020-1904","10-Jul-96","91.13","0","0","94"
"05-Mar-96","21058-1503","30-Apr-96","94.25","94","94.25","257"
"05-Mar-96","22020-1503","10-Jul-96","83.5","83.5","83.5","0"
"05-Mar-96","21058-2903","30-Apr-96","96.4","96.4","96.4","3"
"05-Mar-96","22021-2903","14-Aug-96","81.5","0","0","0"
"05-Mar-96","22020-1904","10-Jul-96","91.13","0","0","0"
"06-Mar-96","22023-1203","04-Sep-96","76","76","76","130"
"06-Mar-96","21058-1503","30-Apr-96","93.73","93.7","93.75","65"
"06-Mar-96","22020-1503","10-Jul-96","82","82","82","50"
"06-Mar-96","21058-2903","30-Apr-96","96.19","96.16","96.2","28"
"06-Mar-96","22020-1904","10-Jul-96","89.4","89.4","89.4","4"
"07-Mar-96","22023-1203","04-Sep-96","74","75","78","288"
"07-Mar-96","21058-1503","30-Apr-96","93.5","93.49","93.6","352"
"07-Mar-96","22020-1503","10-Jul-96","82.3","82.3","82.3","16"
"07-Mar-96","21058-2903","30-Apr-96","96","95.9","96","46"
"07-Mar-96","22021-2903","14-Aug-96","81.38","81.4","81.4","20"
"11-Mar-96","22023-1203","04-Sep-96","73.25","73.25","73.25","42"
"11-Mar-96","21058-1503","30-Apr-96","92.8","92.8","92.88","78"
"11-Mar-96","22020-1503","10-Jul-96","80.61","80.61","80.63","20"
"11-Mar-96","21058-2903","30-Apr-96","95","95","95.1","239"
"11-Mar-96","22021-2903","14-Aug-96","79.38","79.38","83.38","94"
"11-Mar-96","22020-1904","10-Jul-96","87.4","87.4","91.4","82"
"12-Mar-96","21058-1503","30-Apr-96","92.4","90.8","94.8","201"
"12-Mar-96","22020-1503","10-Jul-96","79.69","78.61","82.61","235"
"12-Mar-96","21058-2903","30-Apr-96","95","95","95","99"
"12-Mar-96","22021-2903","14-Aug-96","78.9","77.38","81.38","20"
"12-Mar-96","22020-1904","10-Jul-96","88.4","85.4","89.4","13"
"13-Mar-96","21058-1503","30-Apr-96","92.6","90.4","94.4","299"
"13-Mar-96","22020-1503","10-Jul-96","77.69","77.69","81.69","209"
"13-Mar-96","21058-2903","30-Apr-96","93.97","93.97","93.97","17"
"13-Mar-96","22021-2903","14-Aug-96","76.9","76.9","80.9","124"
"13-Mar-96","22020-1904","10-Jul-96","86.5","86.5","86.5","15"
"14-Mar-96","21058-1503","30-Apr-96","93.95","93.95","94","64"
"14-Mar-96","22020-1503","10-Jul-96","78.41","78.1","78.45","190"
"14-Mar-96","21058-2903","30-Apr-96","95.53","95.5","95.6","209"
"14-Mar-96","22021-2903","14-Aug-96","77.9","74.9","74.9","75"
"14-Mar-96","22020-1904","10-Jul-96","86.85","86.1","86.85","6"
"15-Mar-96","21058-2903","30-Apr-96","96.11","96","97.53","116"
"15-Mar-96","22021-2903","14-Aug-96","77.7","75.9","79.9","332"
"15-Mar-96","22020-1904","10-Jul-96","87.95","87.93","87.95","20"
"15-Mar-96","22023-1705","04-Sep-96","85","85","86","7"
"15-Mar-96","22024-1406","11-Sep-96","84","79","84","180"
"18-Mar-96","21058-2903","30-Apr-96","95.9","95.9","95.9","41"
"18-Mar-96","22021-2903","14-Aug-96","77.3","75.7","75.7","114"
"18-Mar-96","22020-1904","10-Jul-96","87.6","87.6","87.6","38"
"18-Mar-96","22023-1705","04-Sep-96","84.51","84.4","87","88"
"18-Mar-96","22024-1406","11-Sep-96","84.55","84.5","84.5","80"
"19-Mar-96","21058-2903","30-Apr-96","95.8","95.8","95.8","114"
"19-Mar-96","22021-2903","14-Aug-96","75.3","75.3","75.3","181"
"19-Mar-96","22020-1904","10-Jul-96","86.9","86.9","87.05","649"
"19-Mar-96","22023-1705","04-Sep-96","83.99","84","84","474"
"19-Mar-96","22024-1406","11-Sep-96","84.4","84.4","84.4","110"
"20-Mar-96","21058-2903","30-Apr-96","95.5","95.6","95.6","10"
"20-Mar-96","22021-2903","14-Aug-96","73.5","73.5","73.5","1"
"20-Mar-96","22020-1904","10-Jul-96","86","86","86","11"
"20-Mar-96","22023-1705","04-Sep-96","81.99","80.99","81","213"
"20-Mar-96","22024-1406","11-Sep-96","82.4","81.93","82.1","247"
"21-Mar-96","21058-2903","30-Apr-96","94.25","93.5","94.25","377"
"21-Mar-96","22021-2903","14-Aug-96","71.5","71.5","71.5","56"
"21-Mar-96","22020-1904","10-Jul-96","84","82.4","82.4","21"
"21-Mar-96","22023-1705","04-Sep-96","79.99","77.99","78.03","189"
"21-Mar-96","22024-1406","11-Sep-96","80.4","79.4","79.4","46"
"22-Mar-96","21058-2903","30-Apr-96","94.1","94.1","94.1","346"
"22-Mar-96","22021-2903","14-Aug-96","69.5","69.5","69.5","324"
"22-Mar-96","22020-1904","10-Jul-96","82","81.45","81.45","930"
"22-Mar-96","22023-1705","04-Sep-96","77.99","79.34","79.34","955"
"22-Mar-96","22024-1406","11-Sep-96","78.4","78.25","81.9","121"
"25-Mar-96","21058-2903","30-Apr-96","94","94","94","222"
"25-Mar-96","22021-2903","14-Aug-96","67","66.7","66.7","2"
"25-Mar-96","22020-1904","10-Jul-96","79.5","84","84.5","136"
"25-Mar-96","22023-1705","04-Sep-96","75.49","75","75","51"
"25-Mar-96","22024-1406","11-Sep-96","77.49","77.4","77.5","82"
"26-Mar-96","21058-2903","30-Apr-96","94.2","94.2","94.2","10"
"26-Mar-96","22021-2903","14-Aug-96","68.01","68.3","68.3","4"
"26-Mar-96","22020-1904","10-Jul-96","82","78.2","78.2","143"
"26-Mar-96","22023-1705","04-Sep-96","77.99","78.8","78.99","34"
"26-Mar-96","22024-1406","11-Sep-96","77.49","77.4","77.5","0"
"27-Mar-96","21058-2903","30-Apr-96","93.97","93.97","94.05","61"
"27-Mar-96","22021-2903","14-Aug-96","70.51","70.51","70.51","202"
"27-Mar-96","22020-1904","10-Jul-96","84.5","85.3","85.44","130"
"27-Mar-96","22023-1705","04-Sep-96","80.49","82.48","82.5","108"
"27-Mar-96","22024-1406","11-Sep-96","79.99","82.49","82.49","11"
"28-Mar-96","21058-2903","30-Apr-96","95.67","95.58","95.67","1235"
"28-Mar-96","22021-2903","14-Aug-96","73.01","74","74","1"
"28-Mar-96","22020-1904","10-Jul-96","86.75","86.75","86.75","79"
"28-Mar-96","22023-1705","04-Sep-96","82.99","84.1","84.24","237"
"28-Mar-96","22024-1406","11-Sep-96","82.49","85.49","85.49","29"
"29-Mar-96","22019-0904","12-Jun-96","89.01","89","89","518"
"29-Mar-96","22024-0904","11-Sep-96","71","71","71","10"
"29-Mar-96","22020-1904","10-Jul-96","86.39","86.39","86.39","8"
"29-Mar-96","22023-1705","04-Sep-96","82.9","82.9","82.91","49"
"29-Mar-96","22024-1406","11-Sep-96","84.94","84.8","84.99","185"
"01-Apr-96","22019-0904","12-Jun-96","90","90","90","76"
"01-Apr-96","22024-0904","11-Sep-96","71.1","71.5","71.5","10"
"01-Apr-96","22020-1904","10-Jul-96","86.39","86.39","86.39","213"
"01-Apr-96","22023-1705","04-Sep-96","83.01","83","83.1","57"
"01-Apr-96","22024-1406","11-Sep-96","85.05","85.05","85.07","99"
"02-Apr-96","22019-0904","12-Jun-96","90.35","91.34","91.34","58"
"02-Apr-96","22024-0904","11-Sep-96","72.6","72.6","72.6","44"
"02-Apr-96","22020-1904","10-Jul-96","87.65","87.65","87.65","1"
"02-Apr-96","22023-1705","04-Sep-96","84.14","84.14","84.33","240"
"02-Apr-96","22024-1406","11-Sep-96","87.3","87.1","87.32","332"
"03-Apr-96","22019-0904","12-Jun-96","90.95","90.95","90.95","163"
"03-Apr-96","22024-0904","11-Sep-96","73.7","73.7","73.7","12"
"03-Apr-96","22020-1904","10-Jul-96","89","89","89","10"
"03-Apr-96","22023-1705","04-Sep-96","85.4","85.05","85.61","613"
"03-Apr-96","22024-1406","11-Sep-96","87.94","87.9","88.4","575"
"04-Apr-96","22019-0904","12-Jun-96","91.5","91.5","91.5","7"
"04-Apr-96","22024-0904","11-Sep-96","73.75","73.75","74","29"
"04-Apr-96","22020-1904","10-Jul-96","88.7","88.7","88.7","99"
"04-Apr-96","22023-1705","04-Sep-96","84.81","84.8","84.88","356"
"04-Apr-96","22024-1406","11-Sep-96","86.96","86.95","87.3","567"
"05-Apr-96","22019-0904","12-Jun-96","91.2","91.2","91.2","446"
"05-Apr-96","22024-0904","11-Sep-96","73.2","73.15","73.15","35"
"05-Apr-96","22020-1904","10-Jul-96","88.5","88.5","88.5","3"
"05-Apr-96","22023-1705","04-Sep-96","83.93","83.91","84.05","285"
"05-Apr-96","22024-1406","11-Sep-96","85.77","85.74","85.84","468"
"08-Apr-96","22019-0904","12-Jun-96","91.36","93.45","93.45","40"
"08-Apr-96","22024-0904","11-Sep-96","72.4","72.4","72.4","69"
"08-Apr-96","22020-1904","10-Jul-96","88.25","88.2","88.25","34"
"08-Apr-96","22023-1705","04-Sep-96","83.91","83.8","83.91","108"
"08-Apr-96","22024-1406","11-Sep-96","86.15","86.1","86.5","176"
"09-Apr-96","22020-1904","10-Jul-96","87.4","87.4","87.4","18"
"09-Apr-96","22024-2304","11-Sep-96","75","75","75","13"
"09-Apr-96","22023-1705","04-Sep-96","83.9","83.01","83.44","216"
"09-Apr-96","22024-1406","11-Sep-96","85.7","85.7","85.82","173"
"10-Apr-96","22020-1904","10-Jul-96","86.8","86.8","86.8","21"
"10-Apr-96","22024-2304","11-Sep-96","74.51","74.5","74.5","10"
"10-Apr-96","22023-1705","04-Sep-96","83.1","83.1","83.41","225"
"10-Apr-96","22024-1406","11-Sep-96","84.1","84.1","85.5","368"
"11-Apr-96","22020-1904","10-Jul-96","84.75","84.6","84.8","230"
"11-Apr-96","22024-2304","11-Sep-96","74.51","71.01","71.6","29"
"11-Apr-96","22023-1705","04-Sep-96","80.6","79.6","79.6","231"
"11-Apr-96","22024-1406","11-Sep-96","81.6","80.6","81.29","329"
"12-Apr-96","22020-1904","10-Jul-96","84.95","84.95","84.95","261"
"12-Apr-96","22024-2304","11-Sep-96","69.8","69.8","70.51","375"
"12-Apr-96","22023-1705","04-Sep-96","79.1","78","79.1","750"
"12-Apr-96","22024-1406","11-Sep-96","81.79","81.76","82.2","484"
"12-Apr-96","22028-1907","09-Oct-96","83.5","83.5","83.5","10"
"15-Apr-96","22020-1904","10-Jul-96","83.5","83.5","83.95","73"
"15-Apr-96","22024-2304","11-Sep-96","69.05","68.9","69.05","138"
"15-Apr-96","22023-1705","04-Sep-96","78","77.82","78.1","298"
"15-Apr-96","22024-1406","11-Sep-96","81.5","81.14","81.51","662"
"15-Apr-96","22028-1907","09-Oct-96","82.85","82.84","82.9","59"
"16-Apr-96","22020-1904","10-Jul-96","82.51","82.51","82.51","4"
"16-Apr-96","22024-2304","11-Sep-96","66.55","65.86","66","182"
"16-Apr-96","22023-1705","04-Sep-96","75.8","75.85","76.06","879"
"16-Apr-96","22024-1406","11-Sep-96","79.71","79.74","80.93","658"
"16-Apr-96","22028-1907","09-Oct-96","80.85","80.85","80.85","42"
"17-Apr-96","22020-1904","10-Jul-96","83.45","83.45","83.45","22"
"17-Apr-96","22024-2304","11-Sep-96","65.5","65.5","65.5","468"
"17-Apr-96","22023-1705","04-Sep-96","74.5","74.5","74.5","166"
"17-Apr-96","22024-1406","11-Sep-96","77.21","77.21","77.21","216"
"17-Apr-96","22028-1907","09-Oct-96","78.35","78.35","78.35","175"
"18-Apr-96","22020-1904","10-Jul-96","83.5","83.53","83.8","286"
"18-Apr-96","22024-2304","11-Sep-96","68","67.6","68.2","367"
"18-Apr-96","22023-1705","04-Sep-96","77","78","78","712"
"18-Apr-96","22024-1406","11-Sep-96","79.71","80.71","80.71","24"
"18-Apr-96","22028-1907","09-Oct-96","80.85","78.35","78.35","37"
"19-Apr-96","22024-2304","11-Sep-96","70.28","70.29","70.48","244"
"19-Apr-96","22024-3004","11-Sep-96","71.45","71.4","71.41","158"
"19-Apr-96","22023-1705","04-Sep-96","78.4","78.25","78.4","264"
"19-Apr-96","22024-1406","11-Sep-96","81.95","81.97","82.33","541"
"19-Apr-96","22028-1907","09-Oct-96","83.35","83.31","84.33","226"
"22-Apr-96","22024-2304","11-Sep-96","69.5","69.5","69.6","184"
"22-Apr-96","22024-3004","11-Sep-96","71.5","71.42","71.5","91"
"22-Apr-96","22023-1705","04-Sep-96","79","78.3","79.02","155"
"22-Apr-96","22024-1406","11-Sep-96","82.9","82.8","83.09","341"
"22-Apr-96","22028-1907","09-Oct-96","84.7","84.6","84.88","149"
"23-Apr-96","22024-3004","11-Sep-96","69.2","69.2","69.2","36"
"23-Apr-96","22023-1705","04-Sep-96","77.2","77.14","77.33","141"
"23-Apr-96","22028-3105","09-Oct-96","70.25","69.95","70.25","40"
"23-Apr-96","22024-1406","11-Sep-96","80.85","80.7","81.06","464"
"23-Apr-96","22028-1907","09-Oct-96","82.9","82.65","83","264"
"24-Apr-96","22024-3004","11-Sep-96","71.43","71.4","71.5","120"
"24-Apr-96","22023-1705","04-Sep-96","78.4","78.4","79","129"
"24-Apr-96","22028-3105","09-Oct-96","71.29","71.29","71.4","271"
"24-Apr-96","22024-1406","11-Sep-96","82.01","81.9","82.35","522"
"24-Apr-96","22028-1907","09-Oct-96","83.79","83.75","83.86","105"
"25-Apr-96","22024-3004","11-Sep-96","68.93","68.93","68.93","68"
"25-Apr-96","22023-1705","04-Sep-96","75.9","75.9","75.9","408"
"25-Apr-96","22028-3105","09-Oct-96","68.79","68.79","68.79","249"
"25-Apr-96","22024-1406","11-Sep-96","79.51","79.51","79.51","634"
"25-Apr-96","22028-1907","09-Oct-96","81.29","81.29","81.29","369"
"26-Apr-96","22024-3004","11-Sep-96","66.43","65.43","65.43","31"
"26-Apr-96","22023-1705","04-Sep-96","73.4","72.89","73.11","397"
"26-Apr-96","22028-3105","09-Oct-96","66.68","66.69","67.02","260"
"26-Apr-96","22024-1406","11-Sep-96","77.01","76.55","76.98","452"
"26-Apr-96","22028-1907","09-Oct-96","78.79","78.21","78.35","103"
"29-Apr-96","22024-0705","11-Sep-96","67.1","67.1","67.1","11"
"29-Apr-96","22023-1705","04-Sep-96","72.84","72.78","72.9","472"
"29-Apr-96","22028-3105","09-Oct-96","66.8","66.21","66.8","693"
"29-Apr-96","22024-1406","11-Sep-96","77.5","77.5","78.06","638"
"29-Apr-96","22028-1907","09-Oct-96","79.14","78.9","79.4","217"
"30-Apr-96","22024-0705","11-Sep-96","66.05","66.05","66.05","57"
"30-Apr-96","22023-1705","04-Sep-96","70.6","70.5","71","197"
"30-Apr-96","22028-3105","09-Oct-96","64.4","64.38","64.43","89"
"30-Apr-96","22024-1406","11-Sep-96","75","74.4","74.84","327"
"30-Apr-96","22028-1907","09-Oct-96","77.18","76.9","77.18","217"
"05-May-96","22024-0705","11-Sep-96","66.05","67.7","67.7","140"
"05-May-96","22023-1705","04-Sep-96","68.1","67.78","67.81","122"
"05-May-96","22028-3105","09-Oct-96","61.95","61.95","61.95","25"
"05-May-96","22024-1406","11-Sep-96","72.5","72.4","72.65","535"
"05-May-96","22028-1907","09-Oct-96","74.68","74.54","74.64","84"
"06-May-96","22024-0705","11-Sep-96","62.6","62.6","62.6","90"
"06-May-96","22023-1705","04-Sep-96","67.8","67.3","67.8","198"
"06-May-96","22028-3105","09-Oct-96","62.27","62","62.3","184"
"06-May-96","22024-1406","11-Sep-96","72.88","72.88","73.21","343"
"06-May-96","22028-1907","09-Oct-96","75.2","75","75.34","230"
"07-May-96","22023-1705","04-Sep-96","69.6","69.1","69.64","295"
"07-May-96","22024-2105","11-Sep-96","69.05","69.05","69.84","531"
"07-May-96","22028-3105","09-Oct-96","64.45","63.95","64.45","306"
"07-May-96","22024-1406","11-Sep-96","75.38","75.4","75.95","402"
"07-May-96","22028-1907","09-Oct-96","77.7","78.1","78.7","508"
"08-May-96","22023-1705","04-Sep-96","70.16","69.9","70.45","339"
"08-May-96","22024-2105","11-Sep-96","70.74","69.08","70.79","573"
"08-May-96","22028-3105","09-Oct-96","66.95","67","67","125"
"08-May-96","22024-1406","11-Sep-96","77.8","77.76","78.08","422"
"08-May-96","22028-1907","09-Oct-96","79.3","79.3","79.75","233"
"12-May-96","22023-1705","04-Sep-96","70.21","70","70.25","245"
"12-May-96","22024-2105","11-Sep-96","69.35","69.3","69.71","523"
"12-May-96","22028-3105","09-Oct-96","66.2","65.78","66.21","232"
"12-May-96","22024-1406","11-Sep-96","77.62","77.31","77.62","557"
"12-May-96","22028-1907","09-Oct-96","79.45","79.4","79.8","463"
"13-May-96","22023-1705","04-Sep-96","72.71","72.3","73.51","984"
"13-May-96","22024-2105","11-Sep-96","71.74","71.6","71.98","603"
"13-May-96","22028-3105","09-Oct-96","68.07","68","68.3","389"
"13-May-96","22024-1406","11-Sep-96","79.26","79.1","79.38","638"
"13-May-96","22028-1907","09-Oct-96","81.15","80.88","81.15","634"
"14-May-96","22023-1705","04-Sep-96","73.93","73.03","74.43","2297"
"14-May-96","22024-2105","11-Sep-96","74.3","73.59","74.35","1582"
"14-May-96","22028-3105","09-Oct-96","70.57","70.4","70.9","1326"
"14-May-96","22024-1406","11-Sep-96","82","81.15","82.01","1721"
"14-May-96","22028-1907","09-Oct-96","83.65","83.6","84.13","1230"
"15-May-96","22023-1705","04-Sep-96","75.94","0","0","1691"
"15-May-96","22024-2105","11-Sep-96","75.6","0","0","1147"
"15-May-96","22028-3105","09-Oct-96","71.53","0","0","787"
"15-May-96","22024-1406","11-Sep-96","81.49","0","0","840"
"15-May-96","22028-1907","09-Oct-96","83.45","0","0","608"
"16-May-96","22023-1705","04-Sep-96","77.4","75.92","76.65","2102"
"16-May-96","22024-2105","11-Sep-96","74.35","74.3","74.98","782"
"16-May-96","22028-3105","09-Oct-96","70.72","70.6","70.65","201"
"16-May-96","22024-1406","11-Sep-96","81.15","81.14","81.96","589"
"16-May-96","22028-1907","09-Oct-96","83.19","83.2","83.6","347"
"17-May-96","22024-2105","11-Sep-96","71.85","70.85","70.85","380"
"17-May-96","22028-3105","09-Oct-96","68.22","67.22","67.23","552"
"17-May-96","22024-0406","11-Sep-96","71.9","70.5","72.01","3159"
"17-May-96","22024-1406","11-Sep-96","78.65","77.65","77.65","172"
"17-May-96","22028-1907","09-Oct-96","80.69","79.69","79.69","238"
"20-May-96","22024-2105","11-Sep-96","71.12","71.1","71.22","627"
"20-May-96","22028-3105","09-Oct-96","69.1","68.36","69.46","311"
"20-May-96","22024-0406","11-Sep-96","74.4","75","75.4","1131"
"20-May-96","22024-1406","11-Sep-96","78.97","78.97","79.88","1150"
"20-May-96","22028-1907","09-Oct-96","80.85","80.5","80.85","217"
"21-May-96","22028-3105","09-Oct-96","66.79","66.73","67.85","877"
"21-May-96","22024-0406","11-Sep-96","73.51","73","73.7","1371"
"21-May-96","22024-1406","11-Sep-96","76.47","76.35","79.52","1471"
"21-May-96","22027-0207","02-Oct-96","76.45","76.4","76.71","243"
"21-May-96","22028-1907","09-Oct-96","79.36","78.93","79.38","615"
"22-May-96","22028-3105","09-Oct-96","64.29","63.8","64.44","550"
"22-May-96","22024-0406","11-Sep-96","71.01","70.01","70.8","1256"
"22-May-96","22024-1406","11-Sep-96","73.97","72.97","72.99","1083"
"22-May-96","22027-0207","02-Oct-96","73.95","72.95","73","483"
"22-May-96","22028-1907","09-Oct-96","76.86","76.16","76.53","688"
"23-May-96","22028-3105","09-Oct-96","60.54","59.04","59.05","184"
"23-May-96","22024-0406","11-Sep-96","67.26","67","67.66","1190"
"23-May-96","22024-1406","11-Sep-96","70.22","69.1","70.01","1516"
"23-May-96","22027-0207","02-Oct-96","70.54","70.2","71.08","491"
"23-May-96","22028-1907","09-Oct-96","74.7","74.3","74.7","187"
"24-May-96","22028-3105","09-Oct-96","60.8","60.45","61.03","202"
"24-May-96","22024-0406","11-Sep-96","67.55","67.26","68.31","1504"
"24-May-96","22024-1406","11-Sep-96","70.1","69.9","70.15","633"
"24-May-96","22027-0207","02-Oct-96","71.31","71.01","71.35","433"
"24-May-96","22028-1907","09-Oct-96","75.41","74.9","75.42","434"
"27-May-96","22028-3105","09-Oct-96","59.55","59.55","59.75","59"
"27-May-96","22024-0406","11-Sep-96","66.95","66.81","67.1","894"
"27-May-96","22024-1406","11-Sep-96","69.99","69.56","70.01","798"
"27-May-96","22027-0207","02-Oct-96","71.31","71.2","71.42","633"
"27-May-96","22028-1907","09-Oct-96","75.87","75.45","75.87","370"
"28-May-96","22028-3105","09-Oct-96","59.62","59.61","59.78","189"
"28-May-96","22024-0406","11-Sep-96","67.9","67.88","68.1","1015"
"28-May-96","22024-1406","11-Sep-96","70.83","70.78","70.95","1149"
"28-May-96","22027-0207","02-Oct-96","72.09","71.8","72.11","968"
"28-May-96","22028-1907","09-Oct-96","75.65","76.37","76.95","530"
"29-May-96","22028-3105","09-Oct-96","60.8","59.19","59.75","395"
"29-May-96","22024-0406","11-Sep-96","70.7","70.38","70.84","915"
"29-May-96","22024-1406","11-Sep-96","73.83","73.69","74.4","1139"
"29-May-96","22027-0207","02-Oct-96","75.09","75.1","75.61","945"
"29-May-96","22028-1907","09-Oct-96","78.65","78.95","79.21","1191"
"30-May-96","22028-3105","09-Oct-96","59.8","59.8","60.3","468"
"30-May-96","22024-0406","11-Sep-96","68","67.5","68.18","795"
"30-May-96","22024-1406","11-Sep-96","72","71.68","72.05","1045"
"30-May-96","22027-0207","02-Oct-96","73.75","73.3","73.75","795"
"30-May-96","22028-1907","09-Oct-96","77.73","77.2","77.73","909"
"31-May-96","22024-0406","11-Sep-96","69.2","69.2","69.6","867"
"31-May-96","22024-1406","11-Sep-96","72.3","72.3","72.86","1144"
"31-May-96","22027-0207","02-Oct-96","73.87","73.79","74.35","998"
"31-May-96","22028-1907","09-Oct-96","78.32","77.75","78.31","691"
"31-May-96","22032-0608","06-Nov-96","78.45","77","78.7","239"
"03-Jun-96","22024-0406","11-Sep-96","69.6","69.33","69.62","530"
"03-Jun-96","22024-1406","11-Sep-96","73.16","72.78","73.47","842"
"03-Jun-96","22027-0207","02-Oct-96","75.8","74.94","75.36","534"
"03-Jun-96","22028-1907","09-Oct-96","80.35","80.32","80.9","786"
"03-Jun-96","22032-0608","06-Nov-96","80.45","80.2","80.4","409"
"04-Jun-96","22024-1406","11-Sep-96","72.75","72.85","73.8","1051"
"04-Jun-96","22027-0207","02-Oct-96","74.73","74.65","75.3","1278"
"04-Jun-96","22028-1907","09-Oct-96","79.29","78.5","79.43","739"
"04-Jun-96","22032-0608","06-Nov-96","79.74","79.45","79.8","497"
"04-Jun-96","22034-2008","27-Nov-96","79.58","75","85","14"
"05-Jun-96","22024-1406","11-Sep-96","73.25","73.2","73.93","1338"
"05-Jun-96","22027-0207","02-Oct-96","74.8","74.7","75.2","934"
"05-Jun-96","22028-1907","09-Oct-96","78.77","78.73","79.1","606"
"05-Jun-96","22032-0608","06-Nov-96","79.09","78.8","79.13","683"
"05-Jun-96","22034-2008","27-Nov-96","78.5","78.5","78.55","68"
"06-Jun-96","22024-1406","11-Sep-96","73.2","73.05","73.9","1092"
"06-Jun-96","22027-0207","02-Oct-96","75.18","74.6","75.23","1503"
"06-Jun-96","22028-1907","09-Oct-96","78.75","78.75","79.33","1911"
"06-Jun-96","22032-0608","06-Nov-96","78.25","78.24","78.9","905"
"06-Jun-96","22034-2008","27-Nov-96","76.83","76.83","77.89","266"
"07-Jun-96","22024-1406","11-Sep-96","72.61","72.58","72.85","912"
"07-Jun-96","22027-0207","02-Oct-96","73.33","73.31","74.04","1231"
"07-Jun-96","22028-1907","09-Oct-96","76.65","76.35","76.75","889"
"07-Jun-96","22032-0608","06-Nov-96","75.91","75.8","76.2","790"
"07-Jun-96","22034-2008","27-Nov-96","74.98","74.55","75.14","495"
"10-Jun-96","22024-1406","11-Sep-96","72.17","72.16","72.95","214"
"10-Jun-96","22027-0207","02-Oct-96","72.48","71.96","72.99","710"
"10-Jun-96","22028-1907","09-Oct-96","76.04","75.81","76.3","618"
"10-Jun-96","22032-0608","06-Nov-96","74.84","74.79","75.26","821"
"10-Jun-96","22034-2008","27-Nov-96","74.4","73.84","74.4","469"
"11-Jun-96","22024-1406","11-Sep-96","69.2","69.19","69.6","854"
"11-Jun-96","22027-0207","02-Oct-96","70.99","69.67","70.38","1330"
"11-Jun-96","22028-1907","09-Oct-96","74.88","74.7","75.21","878"
"11-Jun-96","22032-0608","06-Nov-96","74.45","73.8","74.48","620"
"11-Jun-96","22034-2008","27-Nov-96","74.31","73.88","74.38","470"
"13-Jun-96","22024-1406","11-Sep-96","68.99","68.47","69.05","421"
"13-Jun-96","22027-0207","02-Oct-96","71.98","71.2","72.02","790"
"13-Jun-96","22028-1907","09-Oct-96","76.05","75.65","76.1","913"
"13-Jun-96","22032-0608","06-Nov-96","76","75.54","76.03","791"
"13-Jun-96","22034-2008","27-Nov-96","76.05","75.73","76.21","859"
"14-Jun-96","22024-2506","11-Sep-96","76.49","76.5","76.7","139"
"14-Jun-96","22024-0207","11-Sep-96","78.51","78.51","78.6","42"
"14-Jun-96","22027-0207","02-Oct-96","74.65","74.01","74.95","527"
"14-Jun-96","22028-1907","09-Oct-96","78.93","78.78","79.01","363"
"14-Jun-96","22032-0608","06-Nov-96","79.4","78.94","79.4","277"
"14-Jun-96","22034-2008","27-Nov-96","79.48","79.36","79.56","195"
"17-Jun-96","22024-2506","11-Sep-96","78.1","78","78.4","182"
"17-Jun-96","22024-0207","11-Sep-96","81.01","80.7","81.01","228"
"17-Jun-96","22027-0207","02-Oct-96","75.8","75.63","77.35","567"
"17-Jun-96","22028-1907","09-Oct-96","79.92","79.4","80.1","543"
"17-Jun-96","22032-0608","06-Nov-96","80.65","80.1","80.65","121"
"17-Jun-96","22034-2008","27-Nov-96","79.4","79.6","80.3","164"
"18-Jun-96","22024-2506","11-Sep-96","79.95","79.45","80.1","240"
"18-Jun-96","22024-0207","11-Sep-96","82.73","82.57","82.87","234"
"18-Jun-96","22027-0207","02-Oct-96","77","77","77.61","1157"
"18-Jun-96","22028-1907","09-Oct-96","80.5","80.3","81","783"
"18-Jun-96","22032-0608","06-Nov-96","80.6","80.6","81.11","225"
"18-Jun-96","22034-2008","27-Nov-96","80.2","79.6","80.23","410"
"19-Jun-96","22024-2506","11-Sep-96","80.56","80.45","80.7","253"
"19-Jun-96","22024-0207","11-Sep-96","84.3","83","83.09","51"
"19-Jun-96","22027-0207","02-Oct-96","78.55","78.48","79.6","578"
"19-Jun-96","22028-1907","09-Oct-96","81.88","81.51","82.05","574"
"19-Jun-96","22032-0608","06-Nov-96","81.6","81.61","81.98","512"
"19-Jun-96","22034-2008","27-Nov-96","81.15","80.7","81.16","452"
"20-Jun-96","22024-2506","11-Sep-96","81.3","81.22","81.51","362"
"20-Jun-96","22024-0207","11-Sep-96","84.09","83.15","84.06","549"
"20-Jun-96","22027-0207","02-Oct-96","78.8","78.55","79.16","2124"
"20-Jun-96","22028-1907","09-Oct-96","82.21","81.86","82.45","723"
"20-Jun-96","22032-0608","06-Nov-96","81.5","81.4","81.81","946"
"20-Jun-96","22034-2008","27-Nov-96","80.7","80.68","80.87","944"
"21-Jun-96","22024-2506","11-Sep-96","81.18","80.94","81.19","484"
"21-Jun-96","22024-0207","11-Sep-96","82.91","82.91","83.85","845"
"21-Jun-96","22027-0207","02-Oct-96","77.18","77.15","77.63","1032"
"21-Jun-96","22028-1907","09-Oct-96","80.51","80.47","80.87","909"
"21-Jun-96","22032-0608","06-Nov-96","80.18","79.99","80.2","932"
"21-Jun-96","22034-2008","27-Nov-96","79.83","79.44","79.87","786"
"21-Jun-96","22037-0309","25-Dec-96","0","0","0","0"
"24-Jun-96","22024-2506","11-Sep-96","82.4","82.4","82.85","172"
"24-Jun-96","22024-0207","11-Sep-96","84.48","83.76","84.81","561"
"24-Jun-96","22027-0207","02-Oct-96","78.41","78.4","79.2","1485"
"24-Jun-96","22028-1907","09-Oct-96","82.44","81.62","82.5","949"
"24-Jun-96","22032-0608","06-Nov-96","82.1","82","82.44","1203"
"24-Jun-96","22034-2008","27-Nov-96","81.35","81.1","81.6","1110"
"24-Jun-96","22037-0309","25-Dec-96","80.5","74","84","25"
"25-Jun-96","22024-0207","11-Sep-96","86.07","85.8","86.12","615"
"25-Jun-96","22027-0207","02-Oct-96","81.41","78.41","81.8","1155"
"25-Jun-96","22024-0907","11-Sep-96","88.05","87.86","89","88"
"25-Jun-96","22028-1907","09-Oct-96","85.44","85","85.72","913"
"25-Jun-96","22032-0608","06-Nov-96","84.93","84.91","85.51","1166"
"25-Jun-96","22034-2008","27-Nov-96","83.34","83.3","83.95","835"
"25-Jun-96","22037-0309","25-Dec-96","81.9","81.5","82.07","27"
"26-Jun-96","22024-0207","11-Sep-96","85.64","85.5","85.75","133"
"26-Jun-96","22027-0207","02-Oct-96","81.36","81.1","81.71","550"
"26-Jun-96","22024-0907","11-Sep-96","87.89","87.5","88.25","388"
"26-Jun-96","22028-1907","09-Oct-96","85.35","85.03","85.4","546"
"26-Jun-96","22032-0608","06-Nov-96","84.46","84.35","84.9","1090"
"26-Jun-96","22034-2008","27-Nov-96","83.15","82.9","83.46","783"
"26-Jun-96","22037-0309","25-Dec-96","81.19","81.19","81.62","65"
"27-Jun-96","22024-0207","11-Sep-96","85.45","85.06","85.52","130"
"27-Jun-96","22027-0207","02-Oct-96","80.61","80.6","81.22","1330"
"27-Jun-96","22024-0907","11-Sep-96","87.4","86.99","87.4","338"
"27-Jun-96","22028-1907","09-Oct-96","83.9","83.89","85.3","1310"
"27-Jun-96","22032-0608","06-Nov-96","82.48","82.49","83.05","1321"
"27-Jun-96","22034-2008","27-Nov-96","81.8","81.5","81.92","976"
"27-Jun-96","22037-0309","25-Dec-96","80.27","79.99","80.29","390"
"28-Jun-96","22024-0207","11-Sep-96","85.7","80.45","90.45","396"
"28-Jun-96","22027-0207","02-Oct-96","80.4","80.29","80.6","522"
"28-Jun-96","22024-0907","11-Sep-96","87.98","87.89","88.2","348"
"28-Jun-96","22028-1907","09-Oct-96","84.2","83.93","84.79","501"
"28-Jun-96","22032-0608","06-Nov-96","83.49","82.73","83.51","752"
"28-Jun-96","22034-2008","27-Nov-96","83.68","82.6","83.8","622"
"28-Jun-96","22037-0309","25-Dec-96","82.75","81.45","82.4","414"
"01-Jul-96","22024-0207","11-Sep-96","85.71","85.71","85.71","56"
"01-Jul-96","22027-0207","02-Oct-96","80.84","80.89","80.61","574"
"01-Jul-96","22024-0907","11-Sep-96","88.43","88.55","88.33","152"
"01-Jul-96","22028-1907","09-Oct-96","85.73","86","85","611"
"01-Jul-96","22032-0608","06-Nov-96","85.51","85.53","84.85","612"
"01-Jul-96","22034-2008","27-Nov-96","85.63","87.11","85","515"
"01-Jul-96","22037-0309","25-Dec-96","83.82","84.8","83.81","507"
"02-Jul-96","22024-0907","11-Sep-96","88.65","88.9","88.6","253"
"02-Jul-96","22027-1607","02-Oct-96","87.1","87.3","86","34"
"02-Jul-96","22032-1607","06-Nov-96","82.15","82.44","82","41"
"02-Jul-96","22028-1907","09-Oct-96","86.12","86.6","86.06","327"
"02-Jul-96","22032-0608","06-Nov-96","86.3","86.41","85.47","542"
"02-Jul-96","22034-2008","27-Nov-96","86.75","86.78","86.2","242"
"02-Jul-96","22037-0309","25-Dec-96","84.81","85.1","84.61","269"
"04-Jul-96","22024-0907","11-Sep-96","88.81","89.01","88.78","270"
"04-Jul-96","22027-1607","02-Oct-96","87.43","87.4","86.85","18"
"04-Jul-96","22032-1607","06-Nov-96","83.17","83.06","82.88","129"
"04-Jul-96","22028-1907","09-Oct-96","87.75","87.8","87.3","568"
"04-Jul-96","22032-0608","06-Nov-96","87.11","87.11","86.85","382"
"04-Jul-96","22034-2008","27-Nov-96","86.61","87.3","86.61","339"
"04-Jul-96","22037-0309","25-Dec-96","84.45","84.64","84.4","349"
"05-Jul-96","22024-0907","11-Sep-96","90.15","90.18","89.51","122"
"05-Jul-96","22027-1607","02-Oct-96","89.1","89.11","88.8","115"
"05-Jul-96","22032-1607","06-Nov-96","83.85","84.28","83.75","535"
"05-Jul-96","22028-1907","09-Oct-96","88.26","88.53","88.23","1260"
"05-Jul-96","22032-0608","06-Nov-96","86.96","87.91","86.96","458"
"05-Jul-96","22034-2008","27-Nov-96","85.99","86.45","85.9","536"
"05-Jul-96","22037-0309","25-Dec-96","84.1","84.2","83.9","569"
"08-Jul-96","22024-0907","11-Sep-96","91","91","90.7","234"
"08-Jul-96","22027-1607","02-Oct-96","89.49","89.6","88.9","115"
"08-Jul-96","22032-1607","06-Nov-96","82.93","83.16","82.85","312"
"08-Jul-96","22028-1907","09-Oct-96","87.79","88","87.5","636"
"08-Jul-96","22032-0608","06-Nov-96","86.49","86.67","86.4","303"
"08-Jul-96","22034-2008","27-Nov-96","85.55","85.7","85.51","494"
"08-Jul-96","22037-0309","25-Dec-96","83.6","84.53","83.49","520"
"09-Jul-96","22027-1607","02-Oct-96","87.99","87.99","87.8","65"
"09-Jul-96","22032-1607","06-Nov-96","80.9","81.1","80.7","260"
"09-Jul-96","22028-1907","09-Oct-96","86.91","87","85.9","854"
"09-Jul-96","22032-0608","06-Nov-96","85.26","85.54","85.18","1058"
"09-Jul-96","22034-2008","27-Nov-96","84.15","84.3","83.99","1138"
"09-Jul-96","22037-0309","25-Dec-96","82.02","82.2","81.93","1149"
"09-Jul-96","22036-1709","11-Dec-96","86.35","86.5","86.22","4"
"10-Jul-96","22024-1607","11-Sep-96","91.2","91.2","91.2","5"
"10-Jul-96","22027-1607","02-Oct-96","86.21","86.53","86.21","120"
"10-Jul-96","22032-1607","06-Nov-96","79.96","80","79.81","402"
"10-Jul-96","22028-1907","09-Oct-96","85.3","86.35","85.19","680"
"10-Jul-96","22032-0608","06-Nov-96","83.75","83.8","83.3","556"
"10-Jul-96","22034-2008","27-Nov-96","82.95","83.16","82.65","760"
"10-Jul-96","22037-0309","25-Dec-96","80.49","81.3","80.5","863"
"10-Jul-96","22036-1709","11-Dec-96","84.8","84.9","84.33","144"
"11-Jul-96","22024-1607","11-Sep-96","91.2","0","0","0"
"11-Jul-96","22027-1607","02-Oct-96","85","84.83","84.1","148"
"11-Jul-96","22036-1607","11-Dec-96","73","74","73","6"
"11-Jul-96","22032-1607","06-Nov-96","78.4","78.8","78.4","441"
"11-Jul-96","22028-1907","09-Oct-96","83.9","83.98","83.36","694"
"11-Jul-96","22032-0608","06-Nov-96","82.73","83.03","82.37","891"
"11-Jul-96","22034-2008","27-Nov-96","81.39","81.85","81.36","838"
"11-Jul-96","22037-0309","25-Dec-96","79.4","79.49","79","697"
"11-Jul-96","22036-1709","11-Dec-96","84.15","84.41","84","325"
"12-Jul-96","22024-1607","11-Sep-96","91","91","91","1"
"12-Jul-96","22027-1607","02-Oct-96","86.25","86.25","85.7","62"
"12-Jul-96","22036-1607","11-Dec-96","73","0","0","0"
"12-Jul-96","22032-1607","06-Nov-96","80.13","80.14","79.8","345"
"12-Jul-96","22028-1907","09-Oct-96","85.6","86.15","85.4","498"
"12-Jul-96","22032-0608","06-Nov-96","84.9","85.08","84.15","1099"
"12-Jul-96","22034-2008","27-Nov-96","83.82","84.1","83.3","700"
"12-Jul-96","22037-0309","25-Dec-96","82","82.28","81.61","821"
"12-Jul-96","22036-1709","11-Dec-96","86.66","86.75","86.2","472"
"15-Jul-96","22027-1607","02-Oct-96","88.1","91.25","81.25","54"
"15-Jul-96","22032-1607","06-Nov-96","82.4","82.6","81.76","141"
"15-Jul-96","22028-1907","09-Oct-96","88.45","88.8","88","330"
"15-Jul-96","22032-0608","06-Nov-96","87.05","87.6","86.9","1030"
"15-Jul-96","22034-2008","27-Nov-96","85.77","86","85.68","560"
"15-Jul-96","22037-0309","25-Dec-96","84.94","84.92","84","824"
"15-Jul-96","22036-1709","11-Dec-96","89.66","89.8","89.15","432"
"16-Jul-96","22028-1907","09-Oct-96","87.85","88.37","87.8","165"
"16-Jul-96","22032-0608","06-Nov-96","86.4","86.9","83.75","540"
"16-Jul-96","22039-0608","15-Jan-97","75.75","75.99","75.75","86"
"16-Jul-96","22034-2008","27-Nov-96","85.62","85.68","85.49","390"
"16-Jul-96","22037-0309","25-Dec-96","84.7","85.12","84.65","609"
"16-Jul-96","22036-1709","11-Dec-96","88.77","89.1","88.65","328"
"16-Jul-96","22038-0110","08-Jan-97","86.5","86.57","86.5","10"
"17-Jul-96","22028-1907","09-Oct-96","87.71","92.85","82.85","8"
"17-Jul-96","22032-0608","06-Nov-96","86.55","87.1","86.19","156"
"17-Jul-96","22039-0608","15-Jan-97","76.35","76.3","76.05","21"
"17-Jul-96","22034-2008","27-Nov-96","86","86.42","85.95","440"
"17-Jul-96","22037-0309","25-Dec-96","84.89","85.1","84.89","301"
"17-Jul-96","22036-1709","11-Dec-96","88.77","88.89","88.7","199"
"17-Jul-96","22038-0110","08-Jan-97","87.35","87.35","86.6","80"
"18-Jul-96","22028-1907","09-Oct-96","88.55","89.1","88.5","563"
"18-Jul-96","22032-0608","06-Nov-96","86.4","87","83.75","260"
"18-Jul-96","22039-0608","15-Jan-97","75.8","76.28","75.79","201"
"18-Jul-96","22034-2008","27-Nov-96","85.19","85.69","83.75","462"
"18-Jul-96","22037-0309","25-Dec-96","83.55","83.92","83.39","512"
"18-Jul-96","22036-1709","11-Dec-96","87.84","87.86","87.45","362"
"18-Jul-96","22038-0110","08-Jan-97","86.04","86.5","86.03","262"
"19-Jul-96","22032-0608","06-Nov-96","86.7","86.9","86.7","372"
"19-Jul-96","22039-0608","15-Jan-97","75.4","76.1","75.4","238"
"19-Jul-96","22034-2008","27-Nov-96","85.35","85.5","85.08","358"
"19-Jul-96","22037-0309","25-Dec-96","84.65","84.65","84","289"
"19-Jul-96","22036-1709","11-Dec-96","89.37","89.9","89.03","355"
"19-Jul-96","22038-0110","08-Jan-97","87.77","88","87.4","562"
"22-Jul-96","22032-0608","06-Nov-96","87.35","87.45","87.2","77"
"22-Jul-96","22039-0608","15-Jan-97","76.21","76.56","75.88","155"
"22-Jul-96","22034-2008","27-Nov-96","85.7","85.87","85.67","110"
"22-Jul-96","22037-0309","25-Dec-96","84.46","84.65","84.14","182"
"22-Jul-96","22036-1709","11-Dec-96","89.04","89.25","88.7","417"
"22-Jul-96","22038-0110","08-Jan-97","87.34","87.5","87.25","235"
"23-Jul-96","22032-0608","06-Nov-96","85.05","92.35","82.35","447"
"23-Jul-96","22039-0608","15-Jan-97","73.32","74.1","73.2","676"
"23-Jul-96","22034-2008","27-Nov-96","83.45","84","82.95","910"
"23-Jul-96","22037-0309","25-Dec-96","81.99","82.23","81.9","782"
"23-Jul-96","22036-1709","11-Dec-96","86.23","87","86.1","971"
"23-Jul-96","22038-0110","08-Jan-97","84.34","84.52","84","506"
"24-Jul-96","22032-0608","06-Nov-96","85.39","85.85","85.4","604"
"24-Jul-96","22039-0608","15-Jan-97","73.35","73.63","73.15","409"
"24-Jul-96","22034-2008","27-Nov-96","83.92","83.88","83.3","200"
"24-Jul-96","22037-0309","25-Dec-96","82.25","82.41","82","896"
"24-Jul-96","22036-1709","11-Dec-96","86.41","86.55","86.38","250"
"24-Jul-96","22038-0110","08-Jan-97","84.62","84.62","84.2","161"
"24-Jul-96","22039-1510","15-Jan-97","86","86","86","12"
"25-Jul-96","22032-0608","06-Nov-96","86.45","86.6","86.3","240"
"25-Jul-96","22039-0608","15-Jan-97","75.24","75.31","74.7","286"
"25-Jul-96","22034-2008","27-Nov-96","85.2","85.71","85.18","628"
"25-Jul-96","22037-0309","25-Dec-96","83.61","83.61","83.3","505"
"25-Jul-96","22036-1709","11-Dec-96","88.25","88.25","86.41","442"
"25-Jul-96","22038-0110","08-Jan-97","86.44","86.56","86.1","543"
"25-Jul-96","22039-1510","15-Jan-97","87.74","88","87.61","58"
"26-Jul-96","22032-0608","06-Nov-96","86.25","91.45","85.95","91"
"26-Jul-96","22039-0608","15-Jan-97","74.29","74.42","74.1","352"
"26-Jul-96","22034-2008","27-Nov-96","84.95","85.35","84.5","366"
"26-Jul-96","22037-0309","25-Dec-96","83.35","83.46","83.19","670"
"26-Jul-96","22036-1709","11-Dec-96","87.8","88.1","87.71","493"
"26-Jul-96","22038-0110","08-Jan-97","85.9","87.45","85.89","540"
"26-Jul-96","22039-1510","15-Jan-97","87.19","87.31","87","116"
"29-Jul-96","22032-0608","06-Nov-96","85.3","85.32","84.9","219"
"29-Jul-96","22039-0608","15-Jan-97","72.57","72.75","72.4","349"
"29-Jul-96","22034-2008","27-Nov-96","84.2","84.2","83.8","254"
"29-Jul-96","22037-0309","25-Dec-96","82.44","82.52","82.25","352"
"29-Jul-96","22036-1709","11-Dec-96","87.22","87.36","87","156"
"29-Jul-96","22038-0110","08-Jan-97","85.43","85.45","85.28","51"
"29-Jul-96","22039-1510","15-Jan-97","86.78","86.84","86.74","50"
"30-Jul-96","22032-0608","06-Nov-96","85.43","85.41","85","12"
"30-Jul-96","22039-0608","15-Jan-97","72.2","72.41","72.15","481"
"30-Jul-96","22034-2008","27-Nov-96","84.4","84.4","83.95","201"
"30-Jul-96","22037-0309","25-Dec-96","82.8","82.8","82.5","174"
"30-Jul-96","22036-1709","11-Dec-96","87.74","87.85","87.7","255"
"30-Jul-96","22038-0110","08-Jan-97","85.54","85.75","85.55","129"
"30-Jul-96","22039-1510","15-Jan-97","86.66","86.7","86.59","48"
"31-Jul-96","22032-0608","06-Nov-96","85.02","85.6","85","65"
"31-Jul-96","22039-0608","15-Jan-97","72","72.06","71.85","169"
"31-Jul-96","22034-2008","27-Nov-96","84.25","84.39","84.2","59"
"31-Jul-96","22037-0309","25-Dec-96","82.58","82.7","82.58","114"
"31-Jul-96","22036-1709","11-Dec-96","87.24","87.49","87.2","83"
"31-Jul-96","22038-0110","08-Jan-97","84.96","85.21","84.97","266"
"31-Jul-96","22039-1510","15-Jan-97","86","86.1","86","13"
"01-Aug-96","22032-0608","06-Nov-96","85.35","85.35","84.8","59"
"01-Aug-96","22039-0608","15-Jan-97","71.34","71.65","71.34","620"
"01-Aug-96","22034-2008","27-Nov-96","83.95","84.34","83.7","142"
"01-Aug-96","22037-0309","25-Dec-96","82.21","82.61","82","365"
"01-Aug-96","22036-1709","11-Dec-96","86.59","86.95","86.6","209"
"01-Aug-96","22038-0110","08-Jan-97","83.9","84.15","83.9","181"
"01-Aug-96","22039-1510","15-Jan-97","85.17","85.15","84.96","111"
"02-Aug-96","22032-0608","06-Nov-96","85.41","85.6","85.41","13"
"02-Aug-96","22039-0608","15-Jan-97","71.23","71.3","71.19","250"
"02-Aug-96","22034-2008","27-Nov-96","83.83","84.15","83.8","297"
"02-Aug-96","22037-0309","25-Dec-96","82.15","82.21","82","92"
"02-Aug-96","22036-1709","11-Dec-96","86.75","86.82","86.7","69"
"02-Aug-96","22038-0110","08-Jan-97","84.09","84.21","84.06","298"
"02-Aug-96","22039-1510","15-Jan-97","85.46","85.45","85.19","78"
"05-Aug-96","22032-0608","06-Nov-96","84.65","84.65","84.65","1"
"05-Aug-96","22039-0608","15-Jan-97","70.51","70.63","70.5","89"
"05-Aug-96","22034-2008","27-Nov-96","83.08","83.1","83","199"
"05-Aug-96","22037-0309","25-Dec-96","81.49","81.49","81.22","676"
"05-Aug-96","22036-1709","11-Dec-96","86.15","86.3","86.1","263"
"05-Aug-96","22038-0110","08-Jan-97","83.18","83.6","83.13","373"
"05-Aug-96","22039-1510","15-Jan-97","84","84.75","84","202"
"06-Aug-96","22034-2008","27-Nov-96","82.99","82.99","82.95","72"
"06-Aug-96","22036-2708","11-Dec-96","82.06","82.06","82","4"
"06-Aug-96","22037-0309","25-Dec-96","81.87","81.87","81.35","258"
"06-Aug-96","22036-1009","11-Dec-96","85.25","85.23","85.2","10"
"06-Aug-96","22036-1709","11-Dec-96","86.9","86.9","86.55","142"
"06-Aug-96","22038-0110","08-Jan-97","84.47","84.49","83.9","509"
"06-Aug-96","22039-1510","15-Jan-97","85.59","85.65","85.35","878"
"07-Aug-96","22034-2008","27-Nov-96","83.35","83.5","82.93","468"
"07-Aug-96","22036-2708","11-Dec-96","82.06","82.06","82.06","4"
"07-Aug-96","22037-0309","25-Dec-96","81.85","81.87","81.47","99"
"07-Aug-96","22036-1009","11-Dec-96","85.52","85.55","85.5","30"
"07-Aug-96","22036-1709","11-Dec-96","86.74","86.95","86.72","75"
"07-Aug-96","22038-0110","08-Jan-97","84.15","84.49","84","374"
"07-Aug-96","22039-1510","15-Jan-97","85.25","85.42","85","561"
"07-Aug-96","22040-2910","29-Jan-97","0","0","0","0"
"08-Aug-96","22034-2008","27-Nov-96","84.3","84.38","84","213"
"08-Aug-96","22036-2708","11-Dec-96","83.1","83.1","83.05","23"
"08-Aug-96","22037-0309","25-Dec-96","83.2","83.2","82.33","254"
"08-Aug-96","22036-1009","11-Dec-96","86.95","87","86.9","10"
"08-Aug-96","22036-1709","11-Dec-96","88.18","88.18","87.85","530"
"08-Aug-96","22038-0110","08-Jan-97","85.83","85.86","85.6","733"
"08-Aug-96","22039-1510","15-Jan-97","86.72","86.85","86.5","863"
"08-Aug-96","22040-2910","29-Jan-97","86.65","86.65","86.5","135"
"09-Aug-96","22034-2008","27-Nov-96","84.85","85.11","84.8","212"
"09-Aug-96","22036-2708","11-Dec-96","83.21","83.22","83.2","19"
"09-Aug-96","22037-0309","25-Dec-96","83.1","83.5","83.06","330"
"09-Aug-96","22036-1009","11-Dec-96","86.55","86.99","86.5","7"
"09-Aug-96","22036-1709","11-Dec-96","87.64","88.18","87.59","507"
"09-Aug-96","22038-0110","08-Jan-97","85.03","85.2","84.98","1050"
"09-Aug-96","22039-1510","15-Jan-97","85.8","86.12","85.8","766"
"09-Aug-96","22040-2910","29-Jan-97","85.96","86","85.9","15"
"12-Aug-96","22034-2008","27-Nov-96","84.84","84.86","84.35","49"
"12-Aug-96","22036-2708","11-Dec-96","83.9","84.1","83.8","27"
"12-Aug-96","22037-0309","25-Dec-96","83.55","83.82","83.55","420"
"12-Aug-96","22036-1009","11-Dec-96","86.5","87.3","86.5","87"
"12-Aug-96","22036-1709","11-Dec-96","87.57","87.8","87.4","385"
"12-Aug-96","22038-0110","08-Jan-97","84.85","85.1","84.74","647"
"12-Aug-96","22039-1510","15-Jan-97","85.88","86.01","85.55","617"
"12-Aug-96","22040-2910","29-Jan-97","86","86.1","85.99","23"
"13-Aug-96","22034-2008","27-Nov-96","85.6","85.9","85.59","170"
"13-Aug-96","22036-2708","11-Dec-96","84.15","84.4","84.05","72"
"13-Aug-96","22037-0309","25-Dec-96","83.59","83.75","83.49","321"
"13-Aug-96","22036-1009","11-Dec-96","86.66","87.01","86.6","265"
"13-Aug-96","22036-1709","11-Dec-96","87.76","87.81","87.62","585"
"13-Aug-96","22038-0110","08-Jan-97","85.67","85.8","85.36","977"
"13-Aug-96","22039-1510","15-Jan-97","86.78","86.91","86.6","1047"
"13-Aug-96","22040-2910","29-Jan-97","86.75","86.85","86.7","22"
"14-Aug-96","22034-2008","27-Nov-96","85.85","85.86","85.66","266"
"14-Aug-96","22036-2708","11-Dec-96","85.1","85.1","84.84","97"
"14-Aug-96","22037-0309","25-Dec-96","84.58","84.62","84.45","341"
"14-Aug-96","22036-1009","11-Dec-96","87.69","87.82","87.69","99"
"14-Aug-96","22036-1709","11-Dec-96","88.68","88.73","88.52","239"
"14-Aug-96","22038-0110","08-Jan-97","86.68","86.77","86.51","563"
"14-Aug-96","22039-1510","15-Jan-97","87.54","87.8","86.7","519"
"14-Aug-96","22040-2910","29-Jan-97","87.5","87.62","87.45","35"
"15-Aug-96","22034-2008","27-Nov-96","85.83","86.01","83.35","55"
"15-Aug-96","22036-2708","11-Dec-96","84.34","84.95","84.34","125"
"15-Aug-96","22037-0309","25-Dec-96","83.8","84.2","83.5","439"
"15-Aug-96","22036-1009","11-Dec-96","86.9","87.1","86.5","80"
"15-Aug-96","22036-1709","11-Dec-96","88.05","88.11","87.95","248"
"15-Aug-96","22038-0110","08-Jan-97","86.31","86.38","86.09","398"
"15-Aug-96","22039-1510","15-Jan-97","87.23","87.49","87.1","682"
"15-Aug-96","22040-2910","29-Jan-97","87.49","87.51","85","90"
"16-Aug-96","22034-2008","27-Nov-96","85.83","86.01","83.35","55"
"16-Aug-96","22036-2708","11-Dec-96","84.34","84.95","84.34","125"
"16-Aug-96","22037-0309","25-Dec-96","83.8","84.2","83.5","439"
"16-Aug-96","22036-1009","11-Dec-96","86.9","87.1","86.5","80"
"16-Aug-96","22036-1709","11-Dec-96","88.05","88.11","87.95","248"
"16-Aug-96","22038-0110","08-Jan-97","86.31","86.38","86.09","398"
"16-Aug-96","22039-1510","15-Jan-97","87.23","87.49","87.1","682"
"16-Aug-96","22040-2910","29-Jan-97","87.49","87.51","85","90"
"19-Aug-96","22034-2008","27-Nov-96","85.45","85.44","85.44","13"
"19-Aug-96","22036-2708","11-Dec-96","84.45","84.46","84.3","53"
"19-Aug-96","22037-0309","25-Dec-96","84.44","84.45","84.22","138"
"19-Aug-96","22036-1009","11-Dec-96","87.28","87.36","87.18","130"
"19-Aug-96","22036-1709","11-Dec-96","88.6","88.75","88.5","496"
"19-Aug-96","22038-0110","08-Jan-97","86.66","86.8","86.58","486"
"19-Aug-96","22039-1510","15-Jan-97","87.54","87.6","87.5","347"
"19-Aug-96","22040-2910","29-Jan-97","87.65","87.67","87.5","93"
"20-Aug-96","22036-2708","11-Dec-96","84.7","85.3","84.25","4"
"20-Aug-96","22037-0309","25-Dec-96","84.41","84.41","84.28","19"
"20-Aug-96","22036-1009","11-Dec-96","87.17","87.21","87.2","4"
"20-Aug-96","22036-1709","11-Dec-96","88.45","88.53","88.4","351"
"20-Aug-96","22038-0110","08-Jan-97","86.6","86.65","86.55","248"
"20-Aug-96","22039-1510","15-Jan-97","87.71","87.71","87.61","219"
"20-Aug-96","22040-2910","29-Jan-97","87.98","87.98","87.8","129"
"21-Aug-96","22036-2708","11-Dec-96","84.89","84.95","84.7","34"
"21-Aug-96","22037-0309","25-Dec-96","84.61","84.7","84.56","245"
"21-Aug-96","22036-1009","11-Dec-96","87.19","87.3","87.18","98"
"21-Aug-96","22036-1709","11-Dec-96","88.45","88.48","88.4","73"
"21-Aug-96","22038-0110","08-Jan-97","86.4","86.52","86.39","211"
"21-Aug-96","22039-1510","15-Jan-97","87.45","87.6","87.35","220"
"21-Aug-96","22040-2910","29-Jan-97","87.72","87.75","87.58","133"
"22-Aug-96","22036-2708","11-Dec-96","85.09","84.89","84.89","2"
"22-Aug-96","22037-0309","25-Dec-96","84.4","84.6","84.4","195"
"22-Aug-96","22036-1009","11-Dec-96","86.88","87","86.88","126"
"22-Aug-96","22036-1709","11-Dec-96","88.31","88.4","88.1","207"
"22-Aug-96","22038-0110","08-Jan-97","86.26","86.31","86.2","352"
"22-Aug-96","22039-1510","15-Jan-97","87.3","87.32","87.25","150"
"22-Aug-96","22040-2910","29-Jan-97","87.78","87.78","87.7","56"
"23-Aug-96","22036-2708","11-Dec-96","85.15","85.15","85.11","23"
"23-Aug-96","22037-0309","25-Dec-96","84.55","84.56","84.49","73"
"23-Aug-96","22036-1009","11-Dec-96","87.37","87.39","87.1","135"
"23-Aug-96","22036-1709","11-Dec-96","88.59","88.84","88.55","290"
"23-Aug-96","22038-0110","08-Jan-97","86.55","86.61","86.47","351"
"23-Aug-96","22039-1510","15-Jan-97","87.52","87.58","87.5","628"
"23-Aug-96","22040-2910","29-Jan-97","87.87","88","87.81","181"
"26-Aug-96","22036-2708","11-Dec-96","85.4","85.55","85.4","645"
"26-Aug-96","22037-0309","25-Dec-96","84.51","84.7","84.48","62"
"26-Aug-96","22036-1009","11-Dec-96","87.29","87.3","87.11","60"
"26-Aug-96","22036-1709","11-Dec-96","88.48","88.51","88","263"
"26-Aug-96","22038-0110","08-Jan-97","86.53","86.6","86.4","358"
"26-Aug-96","22039-1510","15-Jan-97","87.57","87.61","87.48","459"
"26-Aug-96","22040-2910","29-Jan-97","87.78","87.83","87.78","72"
"27-Aug-96","22037-0309","25-Dec-96","84.51","0","0","0"
"27-Aug-96","22036-1009","11-Dec-96","87.41","87.42","87.32","21"
"27-Aug-96","22036-1709","11-Dec-96","88.62","88.63","88.54","86"
"27-Aug-96","22038-0110","08-Jan-97","86.72","86.72","86.6","358"
"27-Aug-96","22039-1510","15-Jan-97","87.6","87.64","87.54","302"
"27-Aug-96","22040-2910","29-Jan-97","87.9","87.9","87.7","217"
"27-Aug-96","22044-0511","05-Mar-97","84.05","84.11","84.05","312"
"28-Aug-96","22037-0309","25-Dec-96","84.46","84.48","84.46","777"
"28-Aug-96","22036-1009","11-Dec-96","87.43","87.46","87.41","68"
"28-Aug-96","22036-1709","11-Dec-96","88.61","88.63","88.61","17"
"28-Aug-96","22038-0110","08-Jan-97","86.71","86.76","86.69","149"
"28-Aug-96","22039-1510","15-Jan-97","87.7","87.72","87.61","374"
"28-Aug-96","22040-2910","29-Jan-97","87.89","87.97","87.85","184"
"28-Aug-96","22044-0511","05-Mar-97","83.97","83.97","83.9","9"
"28-Aug-96","22047-0511","02-Apr-97","79","79","79","1"
"29-Aug-96","22037-0309","25-Dec-96","84.04","84.05","84","69"
"29-Aug-96","22036-1009","11-Dec-96","87.26","87.39","87.05","55"
"29-Aug-96","22036-1709","11-Dec-96","88.24","88.4","88.15","250"
"29-Aug-96","22038-0110","08-Jan-97","86.2","86.36","86.1","691"
"29-Aug-96","22039-1510","15-Jan-97","87.27","87.31","87.2","655"
"29-Aug-96","22040-2910","29-Jan-97","87.55","87.62","87.39","325"
"29-Aug-96","22044-0511","05-Mar-97","83.97","0","0","0"
"29-Aug-96","22047-0511","02-Apr-97","79.2","79.38","78.5","181"
"30-Aug-96","22037-0309","25-Dec-96","84.11","84.12","84.11","21"
"30-Aug-96","22036-1009","11-Dec-96","87.17","87.3","87.17","15"
"30-Aug-96","22036-1709","11-Dec-96","88.1","88.3","88.1","117"
"30-Aug-96","22038-0110","08-Jan-97","86.13","86.13","86.07","279"
"30-Aug-96","22039-1510","15-Jan-97","87.28","87.29","87.2","357"
"30-Aug-96","22040-2910","29-Jan-97","87.58","87.6","87.57","99"
"30-Aug-96","22044-0511","05-Mar-97","83.9","83.99","83.89","60"
"30-Aug-96","22047-0511","02-Apr-97","79.11","79.16","79","272"
"02-Sep-96","22037-0309","25-Dec-96","84.38","84.41","84.38","119"
"02-Sep-96","22036-1009","11-Dec-96","87.1","87.1","87.1","15"
"02-Sep-96","22036-1709","11-Dec-96","88.15","88.3","88.15","144"
"02-Sep-96","22038-0110","08-Jan-97","86.25","86.25","86.14","400"
"02-Sep-96","22039-1510","15-Jan-97","87.39","87.4","87.37","209"
"02-Sep-96","22040-2910","29-Jan-97","87.64","87.68","87.6","202"
"02-Sep-96","22044-0511","05-Mar-97","84.03","84.1","84","17"
"02-Sep-96","22047-0511","02-Apr-97","79.27","79.27","79.18","503"
"03-Sep-96","22036-1009","11-Dec-96","86.85","86.71","86.85","4"
"03-Sep-96","22036-1709","11-Dec-96","87.8","87.48","88.1","56"
"03-Sep-96","22038-0110","08-Jan-97","85.86","85.86","86.35","186"
"03-Sep-96","22039-1510","15-Jan-97","86.99","86.99","87.05","201"
"03-Sep-96","22040-2910","29-Jan-97","87.25","87.19","87.45","63"
"03-Sep-96","22044-0511","05-Mar-97","83.65","83.51","83.65","38"
"03-Sep-96","22047-0511","02-Apr-97","78.86","78.7","78.87","214"
"04-Sep-96","22036-1009","11-Dec-96","86.75","86.8","86.75","7"
"04-Sep-96","22036-1709","11-Dec-96","87.75","87.81","87.75","67"
"04-Sep-96","22038-0110","08-Jan-97","85.62","85.8","85.62","219"
"04-Sep-96","22039-0810","15-Jan-97","86","0","0","0"
"04-Sep-96","22039-1510","15-Jan-97","86.76","86.84","86.76","262"
"04-Sep-96","22040-2910","29-Jan-97","87.15","87.15","87.05","103"
"04-Sep-96","22043-1911","19-Feb-97","87.25","0","0","0"
"04-Sep-96","22044-0312","05-Mar-97","87.25","0","0","0"
"04-Sep-96","22044-0511","05-Mar-97","83.37","83.61","83.37","125"
"04-Sep-96","22045-1911","19-Mar-97","83.65","0","0","0"
"04-Sep-96","22047-0312","02-Apr-97","83.65","0","0","0"
"04-Sep-96","22047-0511","02-Apr-97","78.62","78.65","78.56","217"
"05-Sep-96","22036-1009","11-Dec-96","87.25","87.75","87.01","41"
"05-Sep-96","22036-1709","11-Dec-96","88.34","88.4","88.3","182"
"05-Sep-96","22038-0110","08-Jan-97","86.21","86.23","86.15","433"
"05-Sep-96","22039-0810","15-Jan-97","86","86","85.95","30"
"05-Sep-96","22039-1510","15-Jan-97","87.28","87.31","87.16","248"
"05-Sep-96","22040-2910","29-Jan-97","87.55","87.65","87.51","340"
"05-Sep-96","22043-1911","19-Feb-97","87.25","0","0","0"
"05-Sep-96","22044-0312","05-Mar-97","87.25","0","0","0"
"05-Sep-96","22044-0511","05-Mar-97","83.63","83.88","83.62","53"
"05-Sep-96","22045-1911","19-Mar-97","83.65","0","0","0"
"05-Sep-96","22047-0312","02-Apr-97","83.65","0","0","0"
"05-Sep-96","22047-0511","02-Apr-97","79.03","79.03","78.85","459"
"06-Sep-96","22036-1009","11-Dec-96","87.6","87.75","87.59","24"
"06-Sep-96","22036-1709","11-Dec-96","88.39","88.5","88.34","123"
"06-Sep-96","22038-0110","08-Jan-97","86.12","86.19","86.05","456"
"06-Sep-96","22039-0810","15-Jan-97","86","0","0","0"
"06-Sep-96","22039-1510","15-Jan-97","87.12","87.16","87.08","541"
"06-Sep-96","22040-2910","29-Jan-97","87.32","87.36","87.25","161"
"06-Sep-96","22043-1911","19-Feb-97","87.25","0","0","0"
"06-Sep-96","22044-0312","05-Mar-97","87.15","87.15","87.15","10"
"06-Sep-96","22044-0511","05-Mar-97","83.21","83.32","83.18","539"
"06-Sep-96","22045-1911","19-Mar-97","83.65","0","0","0"
"06-Sep-96","22047-0312","02-Apr-97","83.65","0","0","0"
"06-Sep-96","22047-0511","02-Apr-97","78.54","78.6","78.5","838"
"09-Sep-96","22036-1009","11-Dec-96","88.5","88.7","88.5","75"
"09-Sep-96","22036-1709","11-Dec-96","88.96","89","88.7","234"
"09-Sep-96","22038-0110","08-Jan-97","86.8","86.95","86.65","626"
"09-Sep-96","22039-0810","15-Jan-97","86.45","86.45","86.35","102"
"09-Sep-96","22039-1510","15-Jan-97","87.8","87.8","87.6","573"
"09-Sep-96","22040-2910","29-Jan-97","88.07","88.08","87.83","440"
"09-Sep-96","22043-1911","19-Feb-97","87.25","0","0","0"
"09-Sep-96","22044-0312","05-Mar-97","87.4","87.4","87.4","2"
"09-Sep-96","22044-0511","05-Mar-97","83.88","84.1","83.85","494"
"09-Sep-96","22045-1911","19-Mar-97","83.65","0","0","0"
"09-Sep-96","22047-0312","02-Apr-97","83.65","0","0","0"
"09-Sep-96","22047-0511","02-Apr-97","78.8","79","78.8","323"
"10-Sep-96","22036-1009","11-Dec-96","88.5","0","0","0"
"10-Sep-96","22036-1709","11-Dec-96","89.55","89.8","89.54","69"
"10-Sep-96","22038-0110","08-Jan-97","87.48","87.51","87.4","452"
"10-Sep-96","22039-0810","15-Jan-97","87.38","87.39","87.2","207"
"10-Sep-96","22039-1510","15-Jan-97","88.64","88.68","88.4","513"
"10-Sep-96","22040-2910","29-Jan-97","88.99","89.01","88.8","365"
"10-Sep-96","22043-1911","19-Feb-97","87.25","0","0","0"
"10-Sep-96","22044-0312","05-Mar-97","88.5","88.5","88.5","2"
"10-Sep-96","22044-0511","05-Mar-97","84.46","84.8","84.44","277"
"10-Sep-96","22045-1911","19-Mar-97","83.65","0","0","0"
"10-Sep-96","22047-0312","02-Apr-97","83.65","0","0","0"
"10-Sep-96","22047-0511","02-Apr-97","79.55","79.9","79.49","587"
"11-Sep-96","22036-1009","11-Dec-96","88.5","0","0","0"
"11-Sep-96","22036-1709","11-Dec-96","89.62","89.85","89.61","27"
"11-Sep-96","22038-0110","08-Jan-97","87.64","87.71","87.55","600"
"11-Sep-96","22039-0810","15-Jan-97","87.69","87.75","87.45","143"
"11-Sep-96","22039-1510","15-Jan-97","88.71","88.8","88.63","501"
"11-Sep-96","22040-2910","29-Jan-97","88.95","89.1","88.9","308"
"11-Sep-96","22043-1911","19-Feb-97","87.25","0","0","0"
"11-Sep-96","22044-0312","05-Mar-97","88.7","88.7","88.6","18"
"11-Sep-96","22044-0511","05-Mar-97","84.27","84.5","84.27","316"
"11-Sep-96","22045-1911","19-Mar-97","83.65","0","0","0"
"11-Sep-96","22047-0312","02-Apr-97","83.65","0","0","0"
"11-Sep-96","22047-0511","02-Apr-97","79.82","79.88","79.5","830"
"11-Sep-96","22049-1911","16-Apr-97","80","0","0","0"
"12-Sep-96","22036-1009","11-Dec-96","88.5","0","0","0"
"12-Sep-96","22036-1709","11-Dec-96","90.53","90.63","90.5","429"
"12-Sep-96","22038-0110","08-Jan-97","88.55","88.9","88.55","346"
"12-Sep-96","22039-0810","15-Jan-97","88.28","88.3","88.15","153"
"12-Sep-96","22039-1510","15-Jan-97","89.42","89.7","89.34","482"
"12-Sep-96","22040-2910","29-Jan-97","89.32","89.5","89.3","421"
"12-Sep-96","22043-1911","19-Feb-97","87.25","0","0","0"
"12-Sep-96","22044-0312","05-Mar-97","89.5","89.5","89.5","2"
"12-Sep-96","22044-0511","05-Mar-97","84.75","85.9","84.62","614"
"12-Sep-96","22045-1911","19-Mar-97","83.65","0","0","0"
"12-Sep-96","22047-0312","02-Apr-97","83.65","0","0","0"
"12-Sep-96","22047-0511","02-Apr-97","80.75","80.76","80.32","782"
"12-Sep-96","22049-1911","16-Apr-97","80","0","0","0"
"13-Sep-96","22036-1709","11-Dec-96","91.1","91.38","91","31"
"13-Sep-96","22038-0110","08-Jan-97","88.81","89","88.72","865"
"13-Sep-96","22039-0810","15-Jan-97","88.75","88.75","88.6","81"
"13-Sep-96","22039-1510","15-Jan-97","89.91","89.93","89.68","471"
"13-Sep-96","22040-2910","29-Jan-97","89.76","89.9","89.7","232"
"13-Sep-96","22043-1911","19-Feb-97","87.25","0","0","0"
"13-Sep-96","22044-0312","05-Mar-97","90.2","90.2","90.2","2"
"13-Sep-96","22044-0511","05-Mar-97","85.7","85.7","85.4","500"
"13-Sep-96","22045-1911","19-Mar-97","83.65","0","0","0"
"13-Sep-96","22047-0312","02-Apr-97","84.7","84.7","84.7","10"
"13-Sep-96","22047-0511","02-Apr-97","81.52","81.56","81.35","810"
"13-Sep-96","22049-1911","16-Apr-97","80","0","0","0"
"16-Sep-96","22036-1709","11-Dec-96","90.69","91","90.67","96"
"16-Sep-96","22038-0110","08-Jan-97","88.63","88.7","88.62","433"
"16-Sep-96","22039-0810","15-Jan-97","88.65","88.65","87.7","34"
"16-Sep-96","22039-1510","15-Jan-97","89.7","89.78","89.7","809"
"16-Sep-96","22040-2910","29-Jan-97","89.64","89.71","89.55","482"
"16-Sep-96","22047-0511","02-Apr-97","81.36","81.4","81.34","664"
"16-Sep-96","22044-0511","05-Mar-97","85.52","85.6","85.51","754"
"16-Sep-96","22049-1911","16-Apr-97","80","0","0","0"
"16-Sep-96","22045-1911","19-Mar-97","83.65","0","0","0"
"16-Sep-96","22043-1911","19-Feb-97","87.25","0","0","0"
"16-Sep-96","22044-0312","05-Mar-97","89.95","90","89.9","36"
"16-Sep-96","22047-0312","02-Apr-97","84.7","0","0","0"
"17-Sep-96","22038-0110","08-Jan-97","88.7","88.9","88.71","1002"
"17-Sep-96","22039-0810","15-Jan-97","88.95","88.99","88.97","5"
"17-Sep-96","22039-1510","15-Jan-97","89.75","89.89","89.74","209"
"17-Sep-96","22040-2910","29-Jan-97","89.81","89.86","89.7","367"
"17-Sep-96","22044-0511","05-Mar-97","85.82","85.89","85.75","351"
"17-Sep-96","22047-0511","02-Apr-97","81.94","82.01","81.7","496"
"17-Sep-96","22049-1911","16-Apr-97","80","0","0","0"
"17-Sep-96","22045-1911","19-Mar-97","83.65","0","0","0"
"17-Sep-96","22043-1911","19-Feb-97","87.25","0","0","0"
"17-Sep-96","22047-0312","02-Apr-97","84.7","0","0","0"
"17-Sep-96","22044-0312","05-Mar-97","89.95","0","0","0"
"18-Sep-96","22038-0110","08-Jan-97","88.71","88.73","88.6","541"
"18-Sep-96","22039-0810","15-Jan-97","88.75","88.8","88.75","26"
"18-Sep-96","22039-1510","15-Jan-97","89.97","89.97","89.77","267"
"18-Sep-96","22040-2910","29-Jan-97","89.94","90.03","89.94","283"
"18-Sep-96","22044-0511","05-Mar-97","85.7","85.85","85.62","958"
"18-Sep-96","22047-0511","02-Apr-97","81.77","81.8","81.64","643"
"18-Sep-96","22049-1911","16-Apr-97","80","0","0","0"
"18-Sep-96","22045-1911","19-Mar-97","83.65","0","0","0"
"18-Sep-96","22043-1911","19-Feb-97","87.25","0","0","0"
"18-Sep-96","22047-0312","02-Apr-97","84.7","0","0","0"
"18-Sep-96","22044-0312","05-Mar-97","89.95","0","0","0"
"19-Sep-96","22038-0110","08-Jan-97","88.91","89","88.8","222"
"19-Sep-96","22039-0810","15-Jan-97","89","89","88.9","35"
"19-Sep-96","22039-1510","15-Jan-97","90.05","90.15","90.02","192"
"19-Sep-96","22040-2910","29-Jan-97","90.02","90.1","90","220"
"19-Sep-96","22044-0511","05-Mar-97","85.91","86","85.88","829"
"19-Sep-96","22047-0511","02-Apr-97","82.04","82.2","82","898"
"19-Sep-96","22049-1911","16-Apr-97","80","0","0","0"
"19-Sep-96","22045-1911","19-Mar-97","83.65","0","0","0"
"19-Sep-96","22043-1911","19-Feb-97","87.25","0","0","0"
"19-Sep-96","22047-0312","02-Apr-97","84.7","0","0","0"
"19-Sep-96","22044-0312","05-Mar-97","89.95","0","0","0"
"20-Sep-96","22038-0110","08-Jan-97","88.7","88.81","88.7","101"
"20-Sep-96","22039-0810","15-Jan-97","88.7","88.7","88.7","5"
"20-Sep-96","22039-1510","15-Jan-97","89.76","89.83","89.75","435"
"20-Sep-96","22040-2910","29-Jan-97","89.85","89.88","89.75","253"
"20-Sep-96","22044-0511","05-Mar-97","85.67","85.75","85.65","521"
"20-Sep-96","22047-0511","02-Apr-97","81.82","81.86","81.75","804"
"20-Sep-96","22049-1911","16-Apr-97","80","0","0","4"
"20-Sep-96","22045-1911","19-Mar-97","83.65","0","0","0"
"20-Sep-96","22043-1911","19-Feb-97","87.25","0","0","0"
"20-Sep-96","22047-0312","02-Apr-97","84.7","0","0","0"
"20-Sep-96","22044-0312","05-Mar-97","89.55","89.39","89.3","2"
"23-Sep-96","22038-0110","08-Jan-97","87.2","87","86.8","188"
"23-Sep-96","22039-0810","15-Jan-97","87.2","87.1","86.8","134"
"23-Sep-96","22039-1510","15-Jan-97","88.26","88.3","87.9","121"
"23-Sep-96","22040-2910","29-Jan-97","88.35","88.1","87.65","737"
"23-Sep-96","22044-0511","05-Mar-97","84.17","84.1","83.78","780"
"23-Sep-96","22047-0511","02-Apr-97","80.32","80.22","79.95","1241"
"23-Sep-96","22049-1911","16-Apr-97","80","0","0","0"
"23-Sep-96","22045-1911","19-Mar-97","83.65","0","0","0"
"23-Sep-96","22043-1911","19-Feb-97","87.25","0","0","0"
"23-Sep-96","22047-0312","02-Apr-97","84.7","0","0","0"
"23-Sep-96","22044-0312","05-Mar-97","88.05","87.9","87.81","4"
"24-Sep-96","22038-0110","08-Jan-97","84.95","86.99","84.9","58"
"24-Sep-96","22039-0810","15-Jan-97","85.1","85.05","85","49"
"24-Sep-96","22039-1510","15-Jan-97","86.6","86.73","86","482"
"24-Sep-96","22040-2910","29-Jan-97","87","87.1","86.75","299"
"24-Sep-96","22044-0511","05-Mar-97","82.35","82.6","82","812"
"24-Sep-96","22047-0511","02-Apr-97","78.46","80.32","77.87","744"
"24-Sep-96","22049-1911","16-Apr-97","80","0","0","0"
"24-Sep-96","22045-1911","19-Mar-97","83.65","0","0","0"
"24-Sep-96","22043-1911","19-Feb-97","87.25","0","0","36"
"24-Sep-96","22047-0312","02-Apr-97","83.7","84","83.7","10"
"24-Sep-96","22044-0312","05-Mar-97","88.05","0","0","0"
"25-Sep-96","22038-0110","08-Jan-97","85.4","85.71","85.3","327"
"25-Sep-96","22039-0810","15-Jan-97","86.46","86.55","86.28","81"
"25-Sep-96","22039-1510","15-Jan-97","87.73","87.9","87.65","494"
"25-Sep-96","22040-2910","29-Jan-97","87.97","88.01","87.8","297"
"25-Sep-96","22044-0511","05-Mar-97","83.41","83.45","83","476"
"25-Sep-96","22047-0511","02-Apr-97","79.87","79.99","79.67","587"
"25-Sep-96","22049-1911","16-Apr-97","80","0","0","0"
"25-Sep-96","22045-1911","19-Mar-97","83.65","0","0","0"
"25-Sep-96","22043-1911","19-Feb-97","87.25","0","0","0"
"25-Sep-96","22047-0312","02-Apr-97","83.7","0","0","0"
"25-Sep-96","22044-0312","05-Mar-97","87","86.2","86.2","2"
"26-Sep-96","22038-0110","08-Jan-97","86.15","86.4","86.15","183"
"26-Sep-96","22039-0810","15-Jan-97","86.94","86.95","86.71","95"
"26-Sep-96","22039-1510","15-Jan-97","88.49","88.52","87.75","558"
"26-Sep-96","22040-2910","29-Jan-97","88.71","88.8","88.7","606"
"26-Sep-96","22044-0511","05-Mar-97","84.5","84.6","84.2","767"
"26-Sep-96","22047-0511","02-Apr-97","80.55","80.89","80.52","764"
"26-Sep-96","22049-1911","16-Apr-97","80","0","0","0"
"26-Sep-96","22045-1911","19-Mar-97","83.65","0","0","0"
"26-Sep-96","22043-1911","19-Feb-97","87.25","0","0","0"
"26-Sep-96","22047-0312","02-Apr-97","83.7","0","0","0"
"26-Sep-96","22044-0312","05-Mar-97","87.8","89.01","87.8","3"
"27-Sep-96","22038-0110","08-Jan-97","87.65","88.1","87.92","265"
"27-Sep-96","22039-0810","15-Jan-97","88.33","88.35","88.29","52"
"27-Sep-96","22039-1510","15-Jan-97","89.35","89.6","89.15","452"
"27-Sep-96","22040-2910","29-Jan-97","89.4","89.41","89.2","285"
"27-Sep-96","22044-0511","05-Mar-97","85.49","85.54","84.9","1138"
"27-Sep-96","22047-0511","02-Apr-97","81.43","81.55","81.31","965"
"27-Sep-96","22049-1911","16-Apr-97","80","0","0","0"
"27-Sep-96","22045-1911","19-Mar-97","83.65","0","0","0"
"27-Sep-96","22043-1911","19-Feb-97","87.25","0","0","0"
"27-Sep-96","22047-0312","02-Apr-97","83.7","0","0","0"
"27-Sep-96","22044-0312","05-Mar-97","87.8","0","0","0"
"30-Sep-96","22038-0110","08-Jan-97","86.6","87.46","86.6","28"
"30-Sep-96","22039-0810","15-Jan-97","87.46","87.46","87.1","36"
"30-Sep-96","22039-1510","15-Jan-97","88.22","88.6","88.19","443"
"30-Sep-96","22040-2910","29-Jan-97","88.02","88.3","88","314"
"30-Sep-96","22044-0511","05-Mar-97","84.05","85.49","83.99","755"
"30-Sep-96","22047-0511","02-Apr-97","80.32","81.43","80.05","777"
"30-Sep-96","22049-1911","16-Apr-97","80","0","0","0"
"30-Sep-96","22045-1911","19-Mar-97","83.65","0","0","0"
"30-Sep-96","22043-1911","19-Feb-97","87.25","0","0","0"
"30-Sep-96","22047-0312","02-Apr-97","83.7","0","0","0"
"30-Sep-96","22044-0312","05-Mar-97","87.2","87.8","87.2","2"
"01-Oct-96","22038-0110","08-Jan-97","86.6","0","0","0"
"01-Oct-96","22039-0810","15-Jan-97","87.46","0","0","152"
"01-Oct-96","22039-1510","15-Jan-97","88.56","88.56","88.2","80"
"01-Oct-96","22040-2910","29-Jan-97","88.91","88.91","88.63","261"
"01-Oct-96","22044-0511","05-Mar-97","84.9","85.03","84.78","722"
"01-Oct-96","22047-0511","02-Apr-97","81.08","81.13","80.85","765"
"01-Oct-96","22049-1911","16-Apr-97","80","0","0","0"
"01-Oct-96","22045-1911","19-Mar-97","83.65","0","0","0"
"01-Oct-96","22043-1911","19-Feb-97","87.25","0","0","0"
"01-Oct-96","22047-0312","02-Apr-97","83.7","0","0","0"
"01-Oct-96","22044-0312","05-Mar-97","87.2","0","0","0"
"02-Oct-96","22038-0110","08-Jan-97","86.6","0","0","0"
"02-Oct-96","22039-0810","15-Jan-97","87.89","88.3","87.9","60"
"02-Oct-96","22039-1510","15-Jan-97","88.75","88.81","88.51","257"
"02-Oct-96","22040-2910","29-Jan-97","89","89.12","88.95","280"
"02-Oct-96","22044-0511","05-Mar-97","85.28","85.33","84.99","754"
"02-Oct-96","22047-0511","02-Apr-97","81.5","81.6","81.3","1122"
"02-Oct-96","22049-1911","16-Apr-97","80","0","0","0"
"02-Oct-96","22045-1911","19-Mar-97","83.65","0","0","0"
"02-Oct-96","22043-1911","19-Feb-97","87.25","0","0","0"
"02-Oct-96","22047-0312","02-Apr-97","83.7","0","0","0"
"02-Oct-96","22044-0312","05-Mar-97","88.5","88.5","88.5","2"
"03-Oct-96","22039-0810","15-Jan-97","88.05","88.05","88.05","31"
"03-Oct-96","22039-1510","15-Jan-97","88.75","88.95","88.7","205"
"03-Oct-96","22040-2910","29-Jan-97","88.85","88.92","88.84","310"
"03-Oct-96","22044-0511","05-Mar-97","85.2","85.48","84.99","697"
"03-Oct-96","22047-0511","02-Apr-97","81.35","81.5","81.34","900"
"03-Oct-96","22049-1911","16-Apr-97","80","0","0","0"
"03-Oct-96","22045-1911","19-Mar-97","83.65","0","0","0"
"03-Oct-96","22043-1911","19-Feb-97","87.25","0","0","0"
"03-Oct-96","22047-0312","02-Apr-97","83.7","0","0","0"
"03-Oct-96","22044-0312","05-Mar-97","88.05","88","88","1"
"04-Oct-96","22039-0810","15-Jan-97","87.45","87.6","87.45","27"
"04-Oct-96","22039-1510","15-Jan-97","88.22","88.45","88.11","283"
"04-Oct-96","22040-2910","29-Jan-97","88.41","88.42","88.2","459"
"04-Oct-96","22044-0511","05-Mar-97","84.63","84.67","84.55","1593"
"04-Oct-96","22047-0511","02-Apr-97","80.77","81.02","80.7","1926"
"04-Oct-96","22049-1911","16-Apr-97","80","0","0","0"
"04-Oct-96","22045-1911","19-Mar-97","83.65","0","0","0"
"04-Oct-96","22043-1911","19-Feb-97","87.25","0","0","0"
"04-Oct-96","22047-0312","02-Apr-97","83.7","0","0","0"
"04-Oct-96","22044-0312","05-Mar-97","88.05","88.05","88.05","1"
"07-Oct-96","22039-0810","15-Jan-97","88.35","88.35","88.01","135"
"07-Oct-96","22039-1510","15-Jan-97","89.07","89.18","89.02","417"
"07-Oct-96","22040-2910","29-Jan-97","89.2","89.41","88.41","763"
"07-Oct-96","22044-0511","05-Mar-97","85.29","85.45","85.2","815"
"07-Oct-96","22047-0511","02-Apr-97","81.34","81.5","81.3","1234"
"07-Oct-96","22049-1911","16-Apr-97","80","0","0","0"
"07-Oct-96","22045-1911","19-Mar-97","84","84","84","2"
"07-Oct-96","22043-1911","19-Feb-97","88.75","89.7","89.7","2"
"07-Oct-96","22047-0312","02-Apr-97","83.7","0","0","0"
"07-Oct-96","22044-0312","05-Mar-97","88.05","0","0","0"
"08-Oct-96","22039-1510","15-Jan-97","89.78","92.07","86.07","285"
"08-Oct-96","22040-2910","29-Jan-97","90.1","90.13","89.98","424"
"08-Oct-96","22044-0511","05-Mar-97","86.48","86.49","86.2","826"
"08-Oct-96","22047-0511","02-Apr-97","82.59","82.91","78.34","1318"
"08-Oct-96","22049-1911","16-Apr-97","82.5","82.5","82.5","2"
"08-Oct-96","22043-1911","19-Feb-97","88.75","0","0","0"
"08-Oct-96","22045-1911","19-Mar-97","84","0","0","0"
"08-Oct-96","22047-0312","02-Apr-97","86.42","86.4","86.4","10"
"08-Oct-96","22044-0312","05-Mar-97","89.55","90.1","90","149"
"09-Oct-96","22039-1510","15-Jan-97","90.2","90.25","90.13","340"
"09-Oct-96","22040-2910","29-Jan-97","90.4","90.5","90.23","260"
"09-Oct-96","22044-0511","05-Mar-97","86.8","86.88","86.76","678"
"09-Oct-96","22047-0511","02-Apr-97","82.84","82.91","82.75","931"
"09-Oct-96","22049-1911","16-Apr-97","82.5","0","0","0"
"09-Oct-96","22043-1911","19-Feb-97","88.75","0","0","0"
"09-Oct-96","22045-1911","19-Mar-97","84","0","0","0"
"09-Oct-96","22047-0312","02-Apr-97","87","87","86.74","286"
"09-Oct-96","22044-0312","05-Mar-97","90.48","90.48","90.44","3"
"10-Oct-96","22039-1510","15-Jan-97","90.25","90.2","89.9","63"
"10-Oct-96","22040-2910","29-Jan-97","90","90.35","90","44"
"10-Oct-96","22044-0511","05-Mar-97","86.24","86.48","86.1","645"
"10-Oct-96","22047-0511","02-Apr-97","82.47","82.6","82.41","1702"
"10-Oct-96","22049-1911","16-Apr-97","82.5","0","0","0"
"10-Oct-96","22043-1911","19-Feb-97","88.75","0","0","0"
"10-Oct-96","22045-1911","19-Mar-97","84","0","0","0"
"10-Oct-96","22047-0312","02-Apr-97","86.51","86.8","86.51","168"
"10-Oct-96","22044-0312","05-Mar-97","90.3","90.3","90.17","28"
"11-Oct-96","22039-1510","15-Jan-97","90.38","90.4","90.35","94"
"11-Oct-96","22040-2910","29-Jan-97","90.27","90.28","90.06","125"
"11-Oct-96","22044-0511","05-Mar-97","86.51","86.99","86.46","805"
"11-Oct-96","22047-0511","02-Apr-97","82.82","82.91","82.69","1671"
"11-Oct-96","22049-1911","16-Apr-97","82.45","82.45","82.45","1"
"11-Oct-96","22043-1911","19-Feb-97","88.75","0","0","0"
"11-Oct-96","22045-1911","19-Mar-97","84","0","0","0"
"11-Oct-96","22047-0312","02-Apr-97","86.35","86.61","86.35","254"
"11-Oct-96","22044-0312","05-Mar-97","90.22","90.5","90.22","270"
"14-Oct-96","22039-1510","15-Jan-97","90.8","90.89","90.8","32"
"14-Oct-96","22040-2910","29-Jan-97","90.45","90.55","90.4","31"
"14-Oct-96","22044-0511","05-Mar-97","86.79","86.91","86.78","485"
"14-Oct-96","22047-0511","02-Apr-97","83.15","83.2","83","1349"
"14-Oct-96","22049-1911","16-Apr-97","82.45","0","0","0"
"14-Oct-96","22043-1911","19-Feb-97","88.75","0","0","0"
"14-Oct-96","22045-1911","19-Mar-97","84","0","0","0"
"14-Oct-96","22047-0312","02-Apr-97","86.5","86.5","86.2","580"
"14-Oct-96","22044-0312","05-Mar-97","90.08","90.99","90.01","203"
"15-Oct-96","22040-2910","29-Jan-97","89.98","90.01","89.97","33"
"15-Oct-96","22044-0511","05-Mar-97","86.35","86.5","86.34","390"
"15-Oct-96","22047-0511","02-Apr-97","82.78","82.82","82.75","1333"
"15-Oct-96","22049-1911","16-Apr-97","82.9","83.8","82.31","112"
"15-Oct-96","22045-1911","19-Mar-97","85.01","86.49","85.01","44"
"15-Oct-96","22043-1911","19-Feb-97","88.75","0","0","0"
"15-Oct-96","22047-0312","02-Apr-97","86.1","86.15","86","238"
"15-Oct-96","22044-0312","05-Mar-97","89.6","89.78","89.6","98"
"15-Oct-96","22051-2412","21-May-97","82.45","82.89","82.45","49"
"16-Oct-96","22040-2910","29-Jan-97","89.36","89.39","89.37","91"
"16-Oct-96","22044-0511","05-Mar-97","85.54","85.65","85.49","553"
"16-Oct-96","22047-0511","02-Apr-97","82.2","82.25","82","966"
"16-Oct-96","22049-1911","16-Apr-97","82.9","0","0","0"
"16-Oct-96","22045-1911","19-Mar-97","86.51","88.01","82.01","32"
"16-Oct-96","22043-1911","19-Feb-97","88.75","0","0","0"
"16-Oct-96","22047-0312","02-Apr-97","85.5","85.75","85.49","722"
"16-Oct-96","22044-0312","05-Mar-97","89.04","89.2","88.58","170"
"16-Oct-96","22051-2412","21-May-97","82.09","82.1","82.1","8"
"17-Oct-96","22040-2910","29-Jan-97","89.51","89.5","89.3","12"
"17-Oct-96","22044-0511","05-Mar-97","86.09","86.4","85.85","722"
"17-Oct-96","22047-0511","02-Apr-97","82.76","83.15","82.66","1051"
"17-Oct-96","22049-1911","16-Apr-97","82.9","0","0","0"
"17-Oct-96","22045-1911","19-Mar-97","87","0","0","0"
"17-Oct-96","22043-1911","19-Feb-97","88.75","0","0","0"
"17-Oct-96","22047-0312","02-Apr-97","85.93","86.05","85.9","392"
"17-Oct-96","22044-0312","05-Mar-97","89.54","89.66","89.45","210"
"17-Oct-96","22051-2412","21-May-97","82.56","82.56","82.47","46"
"18-Oct-96","22040-2910","29-Jan-97","89.1","89.15","89","11"
"18-Oct-96","22044-0511","05-Mar-97","85.6","85.67","85.5","317"
"18-Oct-96","22047-0511","02-Apr-97","82.52","82.6","82.26","929"
"18-Oct-96","22049-1911","16-Apr-97","82.9","0","0","0"
"18-Oct-96","22045-1911","19-Mar-97","87","0","0","0"
"18-Oct-96","22043-1911","19-Feb-97","88.75","0","0","0"
"18-Oct-96","22047-0312","02-Apr-97","85.55","85.78","85.5","262"
"18-Oct-96","22044-0312","05-Mar-97","89.15","89.4","89.15","356"
"18-Oct-96","22051-2412","21-May-97","82.27","82.29","82.25","9"
"21-Oct-96","22040-2910","29-Jan-97","88.94","88.98","88.8","93"
"21-Oct-96","22044-0511","05-Mar-97","85.45","85.59","85.38","725"
"21-Oct-96","22047-0511","02-Apr-97","82.24","82.36","82.2","714"
"21-Oct-96","22049-1911","16-Apr-97","82.9","0","0","0"
"21-Oct-96","22045-1911","19-Mar-97","87","0","0","0"
"21-Oct-96","22043-1911","19-Feb-97","88.75","0","0","0"
"21-Oct-96","22047-0312","02-Apr-97","85.35","85.35","85.3","247"
"21-Oct-96","22044-0312","05-Mar-97","88.95","88.98","88.85","225"
"21-Oct-96","22051-2412","21-May-97","82.27","82.27","82.2","95"
"22-Oct-96","22040-2910","29-Jan-97","89.36","89.36","89.2","69"
"22-Oct-96","22044-0511","05-Mar-97","85.62","85.75","85.6","480"
"22-Oct-96","22047-0511","02-Apr-97","82.59","82.64","82.43","534"
"22-Oct-96","22049-1911","16-Apr-97","82.9","0","0","0"
"22-Oct-96","22045-1911","19-Mar-97","87","0","0","0"
"22-Oct-96","22043-1911","19-Feb-97","88.75","0","0","0"
"22-Oct-96","22047-0312","02-Apr-97","85.83","85.82","85.55","451"
"22-Oct-96","22044-0312","05-Mar-97","89.2","89.34","89.16","370"
"22-Oct-96","22051-2412","21-May-97","82.74","82.74","82.63","178"
"23-Oct-96","22040-2910","29-Jan-97","89.36","89.35","89.25","72"
"23-Oct-96","22044-0511","05-Mar-97","85.8","85.82","85.61","468"
"23-Oct-96","22047-0511","02-Apr-97","82.74","82.85","82.73","613"
"23-Oct-96","22049-1911","16-Apr-97","82.9","0","0","0"
"23-Oct-96","22045-1911","19-Mar-97","87","0","0","0"
"23-Oct-96","22043-1911","19-Feb-97","88.75","0","0","0"
"23-Oct-96","22047-0312","02-Apr-97","85.81","85.93","85.75","287"
"23-Oct-96","22044-0312","05-Mar-97","89.43","89.45","89.35","250"
"23-Oct-96","22051-2412","21-May-97","82.55","82.8","82.55","325"
"24-Oct-96","22040-2910","29-Jan-97","89.25","89.28","88.25","21"
"24-Oct-96","22044-0511","05-Mar-97","85.65","85.68","85.59","545"
"24-Oct-96","22047-0511","02-Apr-97","82.55","82.6","82.34","415"
"24-Oct-96","22049-1911","16-Apr-97","82.9","0","0","0"
"24-Oct-96","22045-1911","19-Mar-97","87","0","0","0"
"24-Oct-96","22043-1911","19-Feb-97","88.75","0","0","0"
"24-Oct-96","22047-0312","02-Apr-97","85.66","85.69","85.58","583"
"24-Oct-96","22044-0312","05-Mar-97","89.19","89.23","89.14","294"
"24-Oct-96","22051-2412","21-May-97","82.37","82.45","82.35","305"
"25-Oct-96","22040-2910","29-Jan-97","89.11","89.15","89","5"
"25-Oct-96","22044-0511","05-Mar-97","85.41","85.46","85.35","295"
"25-Oct-96","22047-0511","02-Apr-97","82.31","82.35","82.28","712"
"25-Oct-96","22049-1911","16-Apr-97","82.9","0","0","0"
"25-Oct-96","22045-1911","19-Mar-97","87","0","0","0"
"25-Oct-96","22043-1911","19-Feb-97","88.75","0","0","0"
"25-Oct-96","22047-0312","02-Apr-97","85.66","85.66","85.59","542"
"25-Oct-96","22044-0312","05-Mar-97","89.2","89.21","88.95","444"
"25-Oct-96","22051-2412","21-May-97","82.28","82.41","82.28","402"
"28-Oct-96","22040-2910","29-Jan-97","89.43","89.43","89.35","4"
"28-Oct-96","22044-0511","05-Mar-97","85.42","85.49","85.36","225"
"28-Oct-96","22047-0511","02-Apr-97","82.25","82.35","82.21","797"
"28-Oct-96","22049-1911","16-Apr-97","82.9","0","0","0"
"28-Oct-96","22045-1911","19-Mar-97","87","0","0","0"
"28-Oct-96","22043-1911","19-Feb-97","88.75","0","0","6"
"28-Oct-96","22047-0312","02-Apr-97","85.63","85.64","85.59","572"
"28-Oct-96","22044-0312","05-Mar-97","89.28","89.3","89.14","684"
"28-Oct-96","22051-2412","21-May-97","82.27","82.43","82.23","414"
"29-Oct-96","22040-2910","29-Jan-97","89.43","0","0","0"
"29-Oct-96","22044-0511","05-Mar-97","85.2","85.3","85.15","166"
"29-Oct-96","22047-0511","02-Apr-97","81.84","81.9","81.7","173"
"29-Oct-96","22049-1911","16-Apr-97","82.9","0","0","0"
"29-Oct-96","22045-1911","19-Mar-97","87","0","0","0"
"29-Oct-96","22043-1911","19-Feb-97","88.75","0","0","0"
"29-Oct-96","22047-0312","02-Apr-97","85.27","85.29","85.24","413"
"29-Oct-96","22044-0312","05-Mar-97","88.95","89","88.8","644"
"29-Oct-96","22051-2412","21-May-97","81.97","82","81.94","283"
"29-Oct-96","22052-1401","14-May-97","85.37","85.99","85.44","8"
"30-Oct-96","22044-0511","05-Mar-97","85.22","85.27","85.21","145"
"30-Oct-96","22047-0511","02-Apr-97","81.91","81.96","81.85","738"
"30-Oct-96","22049-1911","16-Apr-97","82.9","0","0","0"
"30-Oct-96","22043-1911","19-Feb-97","88.75","0","0","0"
"30-Oct-96","22045-1911","19-Mar-97","87","0","0","0"
"30-Oct-96","22044-0312","05-Mar-97","89.11","89.14","89.04","1055"
"30-Oct-96","22047-0312","02-Apr-97","85.33","85.4","85.3","522"
"30-Oct-96","22051-2412","21-May-97","82.01","82.08","82.01","269"
"30-Oct-96","22052-1401","14-May-97","85.47","85.51","85.45","36"
